name	number_unique_genes	number_multiple_genes	number_multiple_unique_genes	number_missing_genes	list_unique_genes	list_multiple_genes	list_multiple_unique_genes	list_missing_genes
SRR5195108.bin.1	0	0	0	120				PF00380.20,PF00410.20,PF00466.21,PF01025.20,PF02576.18,PF03726.15,TIGR00006,TIGR00019,TIGR00020,TIGR00029,TIGR00043,TIGR00054,TIGR00059,TIGR00061,TIGR00064,TIGR00065,TIGR00082,TIGR00083,TIGR00084,TIGR00086,TIGR00088,TIGR00090,TIGR00092,TIGR00095,TIGR00115,TIGR00116,TIGR00138,TIGR00158,TIGR00166,TIGR00168,TIGR00186,TIGR00194,TIGR00250,TIGR00337,TIGR00344,TIGR00362,TIGR00382,TIGR00392,TIGR00396,TIGR00398,TIGR00414,TIGR00416,TIGR00420,TIGR00431,TIGR00435,TIGR00436,TIGR00442,TIGR00445,TIGR00456,TIGR00459,TIGR00460,TIGR00468,TIGR00472,TIGR00487,TIGR00496,TIGR00539,TIGR00580,TIGR00593,TIGR00615,TIGR00631,TIGR00634,TIGR00635,TIGR00643,TIGR00663,TIGR00717,TIGR00755,TIGR00810,TIGR00922,TIGR00928,TIGR00959,TIGR00963,TIGR00964,TIGR00967,TIGR01009,TIGR01011,TIGR01017,TIGR01021,TIGR01029,TIGR01032,TIGR01039,TIGR01044,TIGR01059,TIGR01063,TIGR01066,TIGR01071,TIGR01079,TIGR01082,TIGR01087,TIGR01128,TIGR01146,TIGR01164,TIGR01169,TIGR01171,TIGR01302,TIGR01391,TIGR01393,TIGR01394,TIGR01510,TIGR01632,TIGR01951,TIGR01953,TIGR02012,TIGR02013,TIGR02027,TIGR02075,TIGR02191,TIGR02273,TIGR02350,TIGR02386,TIGR02397,TIGR02432,TIGR02729,TIGR03263,TIGR03594,TIGR03625,TIGR03632,TIGR03654,TIGR03723,TIGR03725,TIGR03953
SRR5195108.bin.10	17	0	0	103	PF00380.20,PF01025.20,TIGR00054,TIGR00082,TIGR00116,TIGR00362,TIGR00398,TIGR00431,TIGR00487,TIGR00496,TIGR00663,TIGR00755,TIGR01011,TIGR02075,TIGR02191,TIGR02350,TIGR02386			PF00410.20,PF00466.21,PF02576.18,PF03726.15,TIGR00006,TIGR00019,TIGR00020,TIGR00029,TIGR00043,TIGR00059,TIGR00061,TIGR00064,TIGR00065,TIGR00083,TIGR00084,TIGR00086,TIGR00088,TIGR00090,TIGR00092,TIGR00095,TIGR00115,TIGR00138,TIGR00158,TIGR00166,TIGR00168,TIGR00186,TIGR00194,TIGR00250,TIGR00337,TIGR00344,TIGR00382,TIGR00392,TIGR00396,TIGR00414,TIGR00416,TIGR00420,TIGR00435,TIGR00436,TIGR00442,TIGR00445,TIGR00456,TIGR00459,TIGR00460,TIGR00468,TIGR00472,TIGR00539,TIGR00580,TIGR00593,TIGR00615,TIGR00631,TIGR00634,TIGR00635,TIGR00643,TIGR00717,TIGR00810,TIGR00922,TIGR00928,TIGR00959,TIGR00963,TIGR00964,TIGR00967,TIGR01009,TIGR01017,TIGR01021,TIGR01029,TIGR01032,TIGR01039,TIGR01044,TIGR01059,TIGR01063,TIGR01066,TIGR01071,TIGR01079,TIGR01082,TIGR01087,TIGR01128,TIGR01146,TIGR01164,TIGR01169,TIGR01171,TIGR01302,TIGR01391,TIGR01393,TIGR01394,TIGR01510,TIGR01632,TIGR01951,TIGR01953,TIGR02012,TIGR02013,TIGR02027,TIGR02273,TIGR02397,TIGR02432,TIGR02729,TIGR03263,TIGR03594,TIGR03625,TIGR03632,TIGR03654,TIGR03723,TIGR03725,TIGR03953
SRR5195108.bin.11	40	2	0	78	PF01025.20,PF02576.18,TIGR00019,TIGR00029,TIGR00059,TIGR00061,TIGR00064,TIGR00065,TIGR00095,TIGR00115,TIGR00166,TIGR00250,TIGR00344,TIGR00362,TIGR00382,TIGR00398,TIGR00414,TIGR00435,TIGR00445,TIGR00580,TIGR00634,TIGR00643,TIGR00663,TIGR00755,TIGR00810,TIGR01017,TIGR01021,TIGR01029,TIGR01059,TIGR01063,TIGR01071,TIGR01128,TIGR01394,TIGR01510,TIGR01953,TIGR02013,TIGR02350,TIGR02729,TIGR03263,TIGR03632	TIGR00194,TIGR00967		PF00380.20,PF00410.20,PF00466.21,PF03726.15,TIGR00006,TIGR00020,TIGR00043,TIGR00054,TIGR00082,TIGR00083,TIGR00084,TIGR00086,TIGR00088,TIGR00090,TIGR00092,TIGR00116,TIGR00138,TIGR00158,TIGR00168,TIGR00186,TIGR00337,TIGR00392,TIGR00396,TIGR00416,TIGR00420,TIGR00431,TIGR00436,TIGR00442,TIGR00456,TIGR00459,TIGR00460,TIGR00468,TIGR00472,TIGR00487,TIGR00496,TIGR00539,TIGR00593,TIGR00615,TIGR00631,TIGR00635,TIGR00717,TIGR00922,TIGR00928,TIGR00959,TIGR00963,TIGR00964,TIGR01009,TIGR01011,TIGR01032,TIGR01039,TIGR01044,TIGR01066,TIGR01079,TIGR01082,TIGR01087,TIGR01146,TIGR01164,TIGR01169,TIGR01171,TIGR01302,TIGR01391,TIGR01393,TIGR01632,TIGR01951,TIGR02012,TIGR02027,TIGR02075,TIGR02191,TIGR02273,TIGR02386,TIGR02397,TIGR02432,TIGR03594,TIGR03625,TIGR03654,TIGR03723,TIGR03725,TIGR03953
SRR5195108.bin.12	9	0	0	111	TIGR00086,TIGR00362,TIGR00420,TIGR00580,TIGR00663,TIGR01391,TIGR02397,TIGR02729,TIGR03725			PF00380.20,PF00410.20,PF00466.21,PF01025.20,PF02576.18,PF03726.15,TIGR00006,TIGR00019,TIGR00020,TIGR00029,TIGR00043,TIGR00054,TIGR00059,TIGR00061,TIGR00064,TIGR00065,TIGR00082,TIGR00083,TIGR00084,TIGR00088,TIGR00090,TIGR00092,TIGR00095,TIGR00115,TIGR00116,TIGR00138,TIGR00158,TIGR00166,TIGR00168,TIGR00186,TIGR00194,TIGR00250,TIGR00337,TIGR00344,TIGR00382,TIGR00392,TIGR00396,TIGR00398,TIGR00414,TIGR00416,TIGR00431,TIGR00435,TIGR00436,TIGR00442,TIGR00445,TIGR00456,TIGR00459,TIGR00460,TIGR00468,TIGR00472,TIGR00487,TIGR00496,TIGR00539,TIGR00593,TIGR00615,TIGR00631,TIGR00634,TIGR00635,TIGR00643,TIGR00717,TIGR00755,TIGR00810,TIGR00922,TIGR00928,TIGR00959,TIGR00963,TIGR00964,TIGR00967,TIGR01009,TIGR01011,TIGR01017,TIGR01021,TIGR01029,TIGR01032,TIGR01039,TIGR01044,TIGR01059,TIGR01063,TIGR01066,TIGR01071,TIGR01079,TIGR01082,TIGR01087,TIGR01128,TIGR01146,TIGR01164,TIGR01169,TIGR01171,TIGR01302,TIGR01393,TIGR01394,TIGR01510,TIGR01632,TIGR01951,TIGR01953,TIGR02012,TIGR02013,TIGR02027,TIGR02075,TIGR02191,TIGR02273,TIGR02350,TIGR02386,TIGR02432,TIGR03263,TIGR03594,TIGR03625,TIGR03632,TIGR03654,TIGR03723,TIGR03953
SRR5195108.bin.13	47	17	0	56	PF00466.21,PF01025.20,TIGR00019,TIGR00020,TIGR00029,TIGR00054,TIGR00059,TIGR00061,TIGR00064,TIGR00065,TIGR00082,TIGR00083,TIGR00116,TIGR00166,TIGR00337,TIGR00382,TIGR00396,TIGR00431,TIGR00435,TIGR00436,TIGR00442,TIGR00456,TIGR00460,TIGR00468,TIGR00472,TIGR00496,TIGR00580,TIGR00635,TIGR00810,TIGR00922,TIGR00964,TIGR00967,TIGR01017,TIGR01066,TIGR01087,TIGR01169,TIGR01302,TIGR01510,TIGR01632,TIGR01951,TIGR02012,TIGR02075,TIGR02191,TIGR02729,TIGR03263,TIGR03594,TIGR03723	PF00380.20,TIGR00090,TIGR00158,TIGR00392,TIGR00398,TIGR00445,TIGR00539,TIGR00615,TIGR00717,TIGR00928,TIGR01011,TIGR01128,TIGR01391,TIGR01393,TIGR01394,TIGR02027,TIGR02350		PF00410.20,PF02576.18,PF03726.15,TIGR00006,TIGR00043,TIGR00084,TIGR00086,TIGR00088,TIGR00092,TIGR00095,TIGR00115,TIGR00138,TIGR00168,TIGR00186,TIGR00194,TIGR00250,TIGR00344,TIGR00362,TIGR00414,TIGR00416,TIGR00420,TIGR00459,TIGR00487,TIGR00593,TIGR00631,TIGR00634,TIGR00643,TIGR00663,TIGR00755,TIGR00959,TIGR00963,TIGR01009,TIGR01021,TIGR01029,TIGR01032,TIGR01039,TIGR01044,TIGR01059,TIGR01063,TIGR01071,TIGR01079,TIGR01082,TIGR01146,TIGR01164,TIGR01171,TIGR01953,TIGR02013,TIGR02273,TIGR02386,TIGR02397,TIGR02432,TIGR03625,TIGR03632,TIGR03654,TIGR03725,TIGR03953
SRR5195108.bin.14	9	0	0	111	PF00466.21,TIGR00086,TIGR00158,TIGR00166,TIGR00186,TIGR00392,TIGR00398,TIGR00435,TIGR01951			PF00380.20,PF00410.20,PF01025.20,PF02576.18,PF03726.15,TIGR00006,TIGR00019,TIGR00020,TIGR00029,TIGR00043,TIGR00054,TIGR00059,TIGR00061,TIGR00064,TIGR00065,TIGR00082,TIGR00083,TIGR00084,TIGR00088,TIGR00090,TIGR00092,TIGR00095,TIGR00115,TIGR00116,TIGR00138,TIGR00168,TIGR00194,TIGR00250,TIGR00337,TIGR00344,TIGR00362,TIGR00382,TIGR00396,TIGR00414,TIGR00416,TIGR00420,TIGR00431,TIGR00436,TIGR00442,TIGR00445,TIGR00456,TIGR00459,TIGR00460,TIGR00468,TIGR00472,TIGR00487,TIGR00496,TIGR00539,TIGR00580,TIGR00593,TIGR00615,TIGR00631,TIGR00634,TIGR00635,TIGR00643,TIGR00663,TIGR00717,TIGR00755,TIGR00810,TIGR00922,TIGR00928,TIGR00959,TIGR00963,TIGR00964,TIGR00967,TIGR01009,TIGR01011,TIGR01017,TIGR01021,TIGR01029,TIGR01032,TIGR01039,TIGR01044,TIGR01059,TIGR01063,TIGR01066,TIGR01071,TIGR01079,TIGR01082,TIGR01087,TIGR01128,TIGR01146,TIGR01164,TIGR01169,TIGR01171,TIGR01302,TIGR01391,TIGR01393,TIGR01394,TIGR01510,TIGR01632,TIGR01953,TIGR02012,TIGR02013,TIGR02027,TIGR02075,TIGR02191,TIGR02273,TIGR02350,TIGR02386,TIGR02397,TIGR02432,TIGR02729,TIGR03263,TIGR03594,TIGR03625,TIGR03632,TIGR03654,TIGR03723,TIGR03725,TIGR03953
SRR5195108.bin.15	44	5	0	71	PF01025.20,TIGR00006,TIGR00019,TIGR00020,TIGR00029,TIGR00054,TIGR00065,TIGR00082,TIGR00083,TIGR00088,TIGR00092,TIGR00095,TIGR00115,TIGR00158,TIGR00166,TIGR00186,TIGR00337,TIGR00344,TIGR00392,TIGR00398,TIGR00414,TIGR00431,TIGR00435,TIGR00445,TIGR00456,TIGR00460,TIGR00468,TIGR00472,TIGR00496,TIGR00615,TIGR00635,TIGR00643,TIGR00810,TIGR00928,TIGR01063,TIGR01128,TIGR01302,TIGR01391,TIGR01394,TIGR01510,TIGR01951,TIGR02191,TIGR02350,TIGR02432	TIGR00362,TIGR00382,TIGR00717,TIGR01087,TIGR02012		PF00380.20,PF00410.20,PF00466.21,PF02576.18,PF03726.15,TIGR00043,TIGR00059,TIGR00061,TIGR00064,TIGR00084,TIGR00086,TIGR00090,TIGR00116,TIGR00138,TIGR00168,TIGR00194,TIGR00250,TIGR00396,TIGR00416,TIGR00420,TIGR00436,TIGR00442,TIGR00459,TIGR00487,TIGR00539,TIGR00580,TIGR00593,TIGR00631,TIGR00634,TIGR00663,TIGR00755,TIGR00922,TIGR00959,TIGR00963,TIGR00964,TIGR00967,TIGR01009,TIGR01011,TIGR01017,TIGR01021,TIGR01029,TIGR01032,TIGR01039,TIGR01044,TIGR01059,TIGR01066,TIGR01071,TIGR01079,TIGR01082,TIGR01146,TIGR01164,TIGR01169,TIGR01171,TIGR01393,TIGR01632,TIGR01953,TIGR02013,TIGR02027,TIGR02075,TIGR02273,TIGR02386,TIGR02397,TIGR02729,TIGR03263,TIGR03594,TIGR03625,TIGR03632,TIGR03654,TIGR03723,TIGR03725,TIGR03953
SRR5195108.bin.16	37	2	0	81	PF02576.18,PF03726.15,TIGR00006,TIGR00020,TIGR00059,TIGR00064,TIGR00082,TIGR00084,TIGR00086,TIGR00088,TIGR00115,TIGR00138,TIGR00168,TIGR00414,TIGR00431,TIGR00435,TIGR00442,TIGR00445,TIGR00456,TIGR00487,TIGR00539,TIGR00593,TIGR00631,TIGR00635,TIGR00643,TIGR00663,TIGR00963,TIGR01032,TIGR01087,TIGR01128,TIGR01391,TIGR01510,TIGR02012,TIGR02027,TIGR02273,TIGR02432,TIGR02729	TIGR00054,TIGR01953		PF00380.20,PF00410.20,PF00466.21,PF01025.20,TIGR00019,TIGR00029,TIGR00043,TIGR00061,TIGR00065,TIGR00083,TIGR00090,TIGR00092,TIGR00095,TIGR00116,TIGR00158,TIGR00166,TIGR00186,TIGR00194,TIGR00250,TIGR00337,TIGR00344,TIGR00362,TIGR00382,TIGR00392,TIGR00396,TIGR00398,TIGR00416,TIGR00420,TIGR00436,TIGR00459,TIGR00460,TIGR00468,TIGR00472,TIGR00496,TIGR00580,TIGR00615,TIGR00634,TIGR00717,TIGR00755,TIGR00810,TIGR00922,TIGR00928,TIGR00959,TIGR00964,TIGR00967,TIGR01009,TIGR01011,TIGR01017,TIGR01021,TIGR01029,TIGR01039,TIGR01044,TIGR01059,TIGR01063,TIGR01066,TIGR01071,TIGR01079,TIGR01082,TIGR01146,TIGR01164,TIGR01169,TIGR01171,TIGR01302,TIGR01393,TIGR01394,TIGR01632,TIGR01951,TIGR02013,TIGR02075,TIGR02191,TIGR02350,TIGR02386,TIGR02397,TIGR03263,TIGR03594,TIGR03625,TIGR03632,TIGR03654,TIGR03723,TIGR03725,TIGR03953
SRR5195108.bin.17	61	12	0	47	PF00410.20,PF00466.21,PF01025.20,PF03726.15,TIGR00019,TIGR00061,TIGR00064,TIGR00065,TIGR00082,TIGR00083,TIGR00090,TIGR00092,TIGR00115,TIGR00116,TIGR00158,TIGR00362,TIGR00392,TIGR00398,TIGR00431,TIGR00435,TIGR00442,TIGR00445,TIGR00456,TIGR00459,TIGR00460,TIGR00468,TIGR00472,TIGR00487,TIGR00496,TIGR00631,TIGR00634,TIGR00635,TIGR00663,TIGR00717,TIGR00810,TIGR00928,TIGR00959,TIGR00963,TIGR01009,TIGR01011,TIGR01029,TIGR01032,TIGR01044,TIGR01082,TIGR01087,TIGR01128,TIGR01169,TIGR01171,TIGR01391,TIGR01393,TIGR01951,TIGR01953,TIGR02012,TIGR02027,TIGR02075,TIGR02191,TIGR02350,TIGR02397,TIGR03263,TIGR03625,TIGR03654	TIGR00006,TIGR00059,TIGR00166,TIGR00382,TIGR00922,TIGR00964,TIGR00967,TIGR01021,TIGR01071,TIGR01632,TIGR02432,TIGR03723		PF00380.20,PF02576.18,TIGR00020,TIGR00029,TIGR00043,TIGR00054,TIGR00084,TIGR00086,TIGR00088,TIGR00095,TIGR00138,TIGR00168,TIGR00186,TIGR00194,TIGR00250,TIGR00337,TIGR00344,TIGR00396,TIGR00414,TIGR00416,TIGR00420,TIGR00436,TIGR00539,TIGR00580,TIGR00593,TIGR00615,TIGR00643,TIGR00755,TIGR01017,TIGR01039,TIGR01059,TIGR01063,TIGR01066,TIGR01079,TIGR01146,TIGR01164,TIGR01302,TIGR01394,TIGR01510,TIGR02013,TIGR02273,TIGR02386,TIGR02729,TIGR03594,TIGR03632,TIGR03725,TIGR03953
SRR5195108.bin.18	11	0	0	109	TIGR00019,TIGR00054,TIGR00090,TIGR00396,TIGR00539,TIGR01009,TIGR01044,TIGR01164,TIGR01171,TIGR01951,TIGR02729			PF00380.20,PF00410.20,PF00466.21,PF01025.20,PF02576.18,PF03726.15,TIGR00006,TIGR00020,TIGR00029,TIGR00043,TIGR00059,TIGR00061,TIGR00064,TIGR00065,TIGR00082,TIGR00083,TIGR00084,TIGR00086,TIGR00088,TIGR00092,TIGR00095,TIGR00115,TIGR00116,TIGR00138,TIGR00158,TIGR00166,TIGR00168,TIGR00186,TIGR00194,TIGR00250,TIGR00337,TIGR00344,TIGR00362,TIGR00382,TIGR00392,TIGR00398,TIGR00414,TIGR00416,TIGR00420,TIGR00431,TIGR00435,TIGR00436,TIGR00442,TIGR00445,TIGR00456,TIGR00459,TIGR00460,TIGR00468,TIGR00472,TIGR00487,TIGR00496,TIGR00580,TIGR00593,TIGR00615,TIGR00631,TIGR00634,TIGR00635,TIGR00643,TIGR00663,TIGR00717,TIGR00755,TIGR00810,TIGR00922,TIGR00928,TIGR00959,TIGR00963,TIGR00964,TIGR00967,TIGR01011,TIGR01017,TIGR01021,TIGR01029,TIGR01032,TIGR01039,TIGR01059,TIGR01063,TIGR01066,TIGR01071,TIGR01079,TIGR01082,TIGR01087,TIGR01128,TIGR01146,TIGR01169,TIGR01302,TIGR01391,TIGR01393,TIGR01394,TIGR01510,TIGR01632,TIGR01953,TIGR02012,TIGR02013,TIGR02027,TIGR02075,TIGR02191,TIGR02273,TIGR02350,TIGR02386,TIGR02397,TIGR02432,TIGR03263,TIGR03594,TIGR03625,TIGR03632,TIGR03654,TIGR03723,TIGR03725,TIGR03953
SRR5195108.bin.19	41	0	0	79	PF02576.18,TIGR00020,TIGR00054,TIGR00082,TIGR00084,TIGR00088,TIGR00090,TIGR00092,TIGR00186,TIGR00250,TIGR00344,TIGR00396,TIGR00398,TIGR00420,TIGR00435,TIGR00436,TIGR00456,TIGR00459,TIGR00468,TIGR00487,TIGR00496,TIGR00539,TIGR00593,TIGR00615,TIGR00631,TIGR00634,TIGR00635,TIGR00959,TIGR00963,TIGR01082,TIGR01146,TIGR01391,TIGR01394,TIGR01953,TIGR02012,TIGR02075,TIGR02191,TIGR02273,TIGR03263,TIGR03594,TIGR03625			PF00380.20,PF00410.20,PF00466.21,PF01025.20,PF03726.15,TIGR00006,TIGR00019,TIGR00029,TIGR00043,TIGR00059,TIGR00061,TIGR00064,TIGR00065,TIGR00083,TIGR00086,TIGR00095,TIGR00115,TIGR00116,TIGR00138,TIGR00158,TIGR00166,TIGR00168,TIGR00194,TIGR00337,TIGR00362,TIGR00382,TIGR00392,TIGR00414,TIGR00416,TIGR00431,TIGR00442,TIGR00445,TIGR00460,TIGR00472,TIGR00580,TIGR00643,TIGR00663,TIGR00717,TIGR00755,TIGR00810,TIGR00922,TIGR00928,TIGR00964,TIGR00967,TIGR01009,TIGR01011,TIGR01017,TIGR01021,TIGR01029,TIGR01032,TIGR01039,TIGR01044,TIGR01059,TIGR01063,TIGR01066,TIGR01071,TIGR01079,TIGR01087,TIGR01128,TIGR01164,TIGR01169,TIGR01171,TIGR01302,TIGR01393,TIGR01510,TIGR01632,TIGR01951,TIGR02013,TIGR02027,TIGR02350,TIGR02386,TIGR02397,TIGR02432,TIGR02729,TIGR03632,TIGR03654,TIGR03723,TIGR03725,TIGR03953
SRR5195108.bin.2	22	0	0	98	PF00380.20,PF00410.20,PF00466.21,PF01025.20,TIGR00064,TIGR00194,TIGR00337,TIGR00344,TIGR00392,TIGR00398,TIGR00414,TIGR00431,TIGR00435,TIGR00442,TIGR00456,TIGR00468,TIGR00631,TIGR00755,TIGR00928,TIGR00967,TIGR01302,TIGR02350			PF02576.18,PF03726.15,TIGR00006,TIGR00019,TIGR00020,TIGR00029,TIGR00043,TIGR00054,TIGR00059,TIGR00061,TIGR00065,TIGR00082,TIGR00083,TIGR00084,TIGR00086,TIGR00088,TIGR00090,TIGR00092,TIGR00095,TIGR00115,TIGR00116,TIGR00138,TIGR00158,TIGR00166,TIGR00168,TIGR00186,TIGR00250,TIGR00362,TIGR00382,TIGR00396,TIGR00416,TIGR00420,TIGR00436,TIGR00445,TIGR00459,TIGR00460,TIGR00472,TIGR00487,TIGR00496,TIGR00539,TIGR00580,TIGR00593,TIGR00615,TIGR00634,TIGR00635,TIGR00643,TIGR00663,TIGR00717,TIGR00810,TIGR00922,TIGR00959,TIGR00963,TIGR00964,TIGR01009,TIGR01011,TIGR01017,TIGR01021,TIGR01029,TIGR01032,TIGR01039,TIGR01044,TIGR01059,TIGR01063,TIGR01066,TIGR01071,TIGR01079,TIGR01082,TIGR01087,TIGR01128,TIGR01146,TIGR01164,TIGR01169,TIGR01171,TIGR01391,TIGR01393,TIGR01394,TIGR01510,TIGR01632,TIGR01951,TIGR01953,TIGR02012,TIGR02013,TIGR02027,TIGR02075,TIGR02191,TIGR02273,TIGR02386,TIGR02397,TIGR02432,TIGR02729,TIGR03263,TIGR03594,TIGR03625,TIGR03632,TIGR03654,TIGR03723,TIGR03725,TIGR03953
SRR5195108.bin.20	49	18	0	53	PF00380.20,PF00466.21,PF02576.18,PF03726.15,TIGR00019,TIGR00043,TIGR00095,TIGR00115,TIGR00337,TIGR00382,TIGR00398,TIGR00414,TIGR00416,TIGR00435,TIGR00436,TIGR00445,TIGR00459,TIGR00460,TIGR00472,TIGR00539,TIGR00615,TIGR00634,TIGR00643,TIGR00717,TIGR00810,TIGR00928,TIGR00967,TIGR01017,TIGR01021,TIGR01039,TIGR01071,TIGR01082,TIGR01087,TIGR01128,TIGR01169,TIGR01302,TIGR01394,TIGR01510,TIGR01632,TIGR01951,TIGR01953,TIGR02012,TIGR02013,TIGR02027,TIGR02386,TIGR03632,TIGR03654,TIGR03723,TIGR03725	TIGR00054,TIGR00061,TIGR00082,TIGR00090,TIGR00116,TIGR00168,TIGR00250,TIGR00396,TIGR00431,TIGR00487,TIGR00496,TIGR00963,TIGR01029,TIGR01032,TIGR01393,TIGR02075,TIGR02729,TIGR03594		PF00410.20,PF01025.20,TIGR00006,TIGR00020,TIGR00029,TIGR00059,TIGR00064,TIGR00065,TIGR00083,TIGR00084,TIGR00086,TIGR00088,TIGR00092,TIGR00138,TIGR00158,TIGR00166,TIGR00186,TIGR00194,TIGR00344,TIGR00362,TIGR00392,TIGR00420,TIGR00442,TIGR00456,TIGR00468,TIGR00580,TIGR00593,TIGR00631,TIGR00635,TIGR00663,TIGR00755,TIGR00922,TIGR00959,TIGR00964,TIGR01009,TIGR01011,TIGR01044,TIGR01059,TIGR01063,TIGR01066,TIGR01079,TIGR01146,TIGR01164,TIGR01171,TIGR01391,TIGR02191,TIGR02273,TIGR02350,TIGR02397,TIGR02432,TIGR03263,TIGR03625,TIGR03953
SRR5195108.bin.21	58	28	0	34	PF00380.20,PF00410.20,PF02576.18,TIGR00006,TIGR00019,TIGR00029,TIGR00043,TIGR00059,TIGR00064,TIGR00065,TIGR00088,TIGR00090,TIGR00095,TIGR00116,TIGR00138,TIGR00166,TIGR00168,TIGR00337,TIGR00344,TIGR00414,TIGR00416,TIGR00420,TIGR00445,TIGR00456,TIGR00459,TIGR00460,TIGR00468,TIGR00487,TIGR00496,TIGR00593,TIGR00615,TIGR00717,TIGR00810,TIGR00928,TIGR01011,TIGR01021,TIGR01032,TIGR01063,TIGR01066,TIGR01071,TIGR01079,TIGR01087,TIGR01128,TIGR01302,TIGR01394,TIGR01510,TIGR01951,TIGR01953,TIGR02012,TIGR02027,TIGR02075,TIGR02273,TIGR02350,TIGR02386,TIGR02397,TIGR02432,TIGR03594,TIGR03654	TIGR00054,TIGR00083,TIGR00084,TIGR00086,TIGR00115,TIGR00186,TIGR00194,TIGR00362,TIGR00382,TIGR00392,TIGR00396,TIGR00398,TIGR00435,TIGR00436,TIGR00539,TIGR00580,TIGR00631,TIGR00634,TIGR00635,TIGR00643,TIGR00663,TIGR00755,TIGR01039,TIGR01082,TIGR01146,TIGR01391,TIGR03263,TIGR03725		PF00466.21,PF01025.20,PF03726.15,TIGR00020,TIGR00061,TIGR00082,TIGR00092,TIGR00158,TIGR00250,TIGR00431,TIGR00442,TIGR00472,TIGR00922,TIGR00959,TIGR00963,TIGR00964,TIGR00967,TIGR01009,TIGR01017,TIGR01029,TIGR01044,TIGR01059,TIGR01164,TIGR01169,TIGR01171,TIGR01393,TIGR01632,TIGR02013,TIGR02191,TIGR02729,TIGR03625,TIGR03632,TIGR03723,TIGR03953
SRR5195108.bin.22	27	0	0	93	PF00380.20,TIGR00020,TIGR00054,TIGR00061,TIGR00064,TIGR00088,TIGR00138,TIGR00186,TIGR00194,TIGR00337,TIGR00344,TIGR00398,TIGR00414,TIGR00420,TIGR00435,TIGR00468,TIGR00472,TIGR00634,TIGR00635,TIGR00663,TIGR00928,TIGR01066,TIGR01128,TIGR01302,TIGR01951,TIGR03263,TIGR03725			PF00410.20,PF00466.21,PF01025.20,PF02576.18,PF03726.15,TIGR00006,TIGR00019,TIGR00029,TIGR00043,TIGR00059,TIGR00065,TIGR00082,TIGR00083,TIGR00084,TIGR00086,TIGR00090,TIGR00092,TIGR00095,TIGR00115,TIGR00116,TIGR00158,TIGR00166,TIGR00168,TIGR00250,TIGR00362,TIGR00382,TIGR00392,TIGR00396,TIGR00416,TIGR00431,TIGR00436,TIGR00442,TIGR00445,TIGR00456,TIGR00459,TIGR00460,TIGR00487,TIGR00496,TIGR00539,TIGR00580,TIGR00593,TIGR00615,TIGR00631,TIGR00643,TIGR00717,TIGR00755,TIGR00810,TIGR00922,TIGR00959,TIGR00963,TIGR00964,TIGR00967,TIGR01009,TIGR01011,TIGR01017,TIGR01021,TIGR01029,TIGR01032,TIGR01039,TIGR01044,TIGR01059,TIGR01063,TIGR01071,TIGR01079,TIGR01082,TIGR01087,TIGR01146,TIGR01164,TIGR01169,TIGR01171,TIGR01391,TIGR01393,TIGR01394,TIGR01510,TIGR01632,TIGR01953,TIGR02012,TIGR02013,TIGR02027,TIGR02075,TIGR02191,TIGR02273,TIGR02350,TIGR02386,TIGR02397,TIGR02432,TIGR02729,TIGR03594,TIGR03625,TIGR03632,TIGR03654,TIGR03723,TIGR03953
SRR5195108.bin.23	47	0	0	73	PF00380.20,PF01025.20,PF03726.15,TIGR00020,TIGR00064,TIGR00084,TIGR00086,TIGR00088,TIGR00090,TIGR00095,TIGR00158,TIGR00166,TIGR00250,TIGR00337,TIGR00344,TIGR00362,TIGR00414,TIGR00420,TIGR00442,TIGR00445,TIGR00456,TIGR00459,TIGR00460,TIGR00468,TIGR00472,TIGR00593,TIGR00663,TIGR00755,TIGR00810,TIGR00963,TIGR00967,TIGR01021,TIGR01032,TIGR01063,TIGR01066,TIGR01071,TIGR01087,TIGR01394,TIGR01951,TIGR02012,TIGR02350,TIGR02729,TIGR03263,TIGR03594,TIGR03632,TIGR03654,TIGR03725			PF00410.20,PF00466.21,PF02576.18,TIGR00006,TIGR00019,TIGR00029,TIGR00043,TIGR00054,TIGR00059,TIGR00061,TIGR00065,TIGR00082,TIGR00083,TIGR00092,TIGR00115,TIGR00116,TIGR00138,TIGR00168,TIGR00186,TIGR00194,TIGR00382,TIGR00392,TIGR00396,TIGR00398,TIGR00416,TIGR00431,TIGR00435,TIGR00436,TIGR00487,TIGR00496,TIGR00539,TIGR00580,TIGR00615,TIGR00631,TIGR00634,TIGR00635,TIGR00643,TIGR00717,TIGR00922,TIGR00928,TIGR00959,TIGR00964,TIGR01009,TIGR01011,TIGR01017,TIGR01029,TIGR01039,TIGR01044,TIGR01059,TIGR01079,TIGR01082,TIGR01128,TIGR01146,TIGR01164,TIGR01169,TIGR01171,TIGR01302,TIGR01391,TIGR01393,TIGR01510,TIGR01632,TIGR01953,TIGR02013,TIGR02027,TIGR02075,TIGR02191,TIGR02273,TIGR02386,TIGR02397,TIGR02432,TIGR03625,TIGR03723,TIGR03953
SRR5195108.bin.24	84	7	0	29	PF00380.20,PF00410.20,PF00466.21,PF02576.18,PF03726.15,TIGR00006,TIGR00019,TIGR00020,TIGR00043,TIGR00054,TIGR00065,TIGR00082,TIGR00083,TIGR00086,TIGR00088,TIGR00090,TIGR00092,TIGR00095,TIGR00115,TIGR00138,TIGR00158,TIGR00168,TIGR00194,TIGR00250,TIGR00337,TIGR00344,TIGR00362,TIGR00392,TIGR00398,TIGR00414,TIGR00416,TIGR00420,TIGR00431,TIGR00435,TIGR00436,TIGR00445,TIGR00456,TIGR00459,TIGR00468,TIGR00472,TIGR00487,TIGR00580,TIGR00593,TIGR00615,TIGR00631,TIGR00643,TIGR00717,TIGR00755,TIGR00810,TIGR00928,TIGR00959,TIGR00963,TIGR01017,TIGR01021,TIGR01032,TIGR01044,TIGR01059,TIGR01063,TIGR01066,TIGR01071,TIGR01079,TIGR01087,TIGR01128,TIGR01146,TIGR01171,TIGR01302,TIGR01393,TIGR01394,TIGR01510,TIGR01951,TIGR01953,TIGR02012,TIGR02013,TIGR02027,TIGR02191,TIGR02273,TIGR02397,TIGR03263,TIGR03594,TIGR03625,TIGR03632,TIGR03654,TIGR03725,TIGR03953	PF01025.20,TIGR00382,TIGR00396,TIGR00663,TIGR01082,TIGR01391,TIGR03723		TIGR00029,TIGR00059,TIGR00061,TIGR00064,TIGR00084,TIGR00116,TIGR00166,TIGR00186,TIGR00442,TIGR00460,TIGR00496,TIGR00539,TIGR00634,TIGR00635,TIGR00922,TIGR00964,TIGR00967,TIGR01009,TIGR01011,TIGR01029,TIGR01039,TIGR01164,TIGR01169,TIGR01632,TIGR02075,TIGR02350,TIGR02386,TIGR02432,TIGR02729
SRR5195108.bin.25	11	0	0	109	TIGR00064,TIGR00065,TIGR00095,TIGR00115,TIGR00382,TIGR00445,TIGR00631,TIGR00717,TIGR01087,TIGR01510,TIGR02191			PF00380.20,PF00410.20,PF00466.21,PF01025.20,PF02576.18,PF03726.15,TIGR00006,TIGR00019,TIGR00020,TIGR00029,TIGR00043,TIGR00054,TIGR00059,TIGR00061,TIGR00082,TIGR00083,TIGR00084,TIGR00086,TIGR00088,TIGR00090,TIGR00092,TIGR00116,TIGR00138,TIGR00158,TIGR00166,TIGR00168,TIGR00186,TIGR00194,TIGR00250,TIGR00337,TIGR00344,TIGR00362,TIGR00392,TIGR00396,TIGR00398,TIGR00414,TIGR00416,TIGR00420,TIGR00431,TIGR00435,TIGR00436,TIGR00442,TIGR00456,TIGR00459,TIGR00460,TIGR00468,TIGR00472,TIGR00487,TIGR00496,TIGR00539,TIGR00580,TIGR00593,TIGR00615,TIGR00634,TIGR00635,TIGR00643,TIGR00663,TIGR00755,TIGR00810,TIGR00922,TIGR00928,TIGR00959,TIGR00963,TIGR00964,TIGR00967,TIGR01009,TIGR01011,TIGR01017,TIGR01021,TIGR01029,TIGR01032,TIGR01039,TIGR01044,TIGR01059,TIGR01063,TIGR01066,TIGR01071,TIGR01079,TIGR01082,TIGR01128,TIGR01146,TIGR01164,TIGR01169,TIGR01171,TIGR01302,TIGR01391,TIGR01393,TIGR01394,TIGR01632,TIGR01951,TIGR01953,TIGR02012,TIGR02013,TIGR02027,TIGR02075,TIGR02273,TIGR02350,TIGR02386,TIGR02397,TIGR02432,TIGR02729,TIGR03263,TIGR03594,TIGR03625,TIGR03632,TIGR03654,TIGR03723,TIGR03725,TIGR03953
SRR5195108.bin.26	2	0	0	118	TIGR00337,TIGR00810			PF00380.20,PF00410.20,PF00466.21,PF01025.20,PF02576.18,PF03726.15,TIGR00006,TIGR00019,TIGR00020,TIGR00029,TIGR00043,TIGR00054,TIGR00059,TIGR00061,TIGR00064,TIGR00065,TIGR00082,TIGR00083,TIGR00084,TIGR00086,TIGR00088,TIGR00090,TIGR00092,TIGR00095,TIGR00115,TIGR00116,TIGR00138,TIGR00158,TIGR00166,TIGR00168,TIGR00186,TIGR00194,TIGR00250,TIGR00344,TIGR00362,TIGR00382,TIGR00392,TIGR00396,TIGR00398,TIGR00414,TIGR00416,TIGR00420,TIGR00431,TIGR00435,TIGR00436,TIGR00442,TIGR00445,TIGR00456,TIGR00459,TIGR00460,TIGR00468,TIGR00472,TIGR00487,TIGR00496,TIGR00539,TIGR00580,TIGR00593,TIGR00615,TIGR00631,TIGR00634,TIGR00635,TIGR00643,TIGR00663,TIGR00717,TIGR00755,TIGR00922,TIGR00928,TIGR00959,TIGR00963,TIGR00964,TIGR00967,TIGR01009,TIGR01011,TIGR01017,TIGR01021,TIGR01029,TIGR01032,TIGR01039,TIGR01044,TIGR01059,TIGR01063,TIGR01066,TIGR01071,TIGR01079,TIGR01082,TIGR01087,TIGR01128,TIGR01146,TIGR01164,TIGR01169,TIGR01171,TIGR01302,TIGR01391,TIGR01393,TIGR01394,TIGR01510,TIGR01632,TIGR01951,TIGR01953,TIGR02012,TIGR02013,TIGR02027,TIGR02075,TIGR02191,TIGR02273,TIGR02350,TIGR02386,TIGR02397,TIGR02432,TIGR02729,TIGR03263,TIGR03594,TIGR03625,TIGR03632,TIGR03654,TIGR03723,TIGR03725,TIGR03953
SRR5195108.bin.27	6	0	0	114	TIGR00020,TIGR00084,TIGR00086,TIGR00396,TIGR00398,TIGR00456			PF00380.20,PF00410.20,PF00466.21,PF01025.20,PF02576.18,PF03726.15,TIGR00006,TIGR00019,TIGR00029,TIGR00043,TIGR00054,TIGR00059,TIGR00061,TIGR00064,TIGR00065,TIGR00082,TIGR00083,TIGR00088,TIGR00090,TIGR00092,TIGR00095,TIGR00115,TIGR00116,TIGR00138,TIGR00158,TIGR00166,TIGR00168,TIGR00186,TIGR00194,TIGR00250,TIGR00337,TIGR00344,TIGR00362,TIGR00382,TIGR00392,TIGR00414,TIGR00416,TIGR00420,TIGR00431,TIGR00435,TIGR00436,TIGR00442,TIGR00445,TIGR00459,TIGR00460,TIGR00468,TIGR00472,TIGR00487,TIGR00496,TIGR00539,TIGR00580,TIGR00593,TIGR00615,TIGR00631,TIGR00634,TIGR00635,TIGR00643,TIGR00663,TIGR00717,TIGR00755,TIGR00810,TIGR00922,TIGR00928,TIGR00959,TIGR00963,TIGR00964,TIGR00967,TIGR01009,TIGR01011,TIGR01017,TIGR01021,TIGR01029,TIGR01032,TIGR01039,TIGR01044,TIGR01059,TIGR01063,TIGR01066,TIGR01071,TIGR01079,TIGR01082,TIGR01087,TIGR01128,TIGR01146,TIGR01164,TIGR01169,TIGR01171,TIGR01302,TIGR01391,TIGR01393,TIGR01394,TIGR01510,TIGR01632,TIGR01951,TIGR01953,TIGR02012,TIGR02013,TIGR02027,TIGR02075,TIGR02191,TIGR02273,TIGR02350,TIGR02386,TIGR02397,TIGR02432,TIGR02729,TIGR03263,TIGR03594,TIGR03625,TIGR03632,TIGR03654,TIGR03723,TIGR03725,TIGR03953
SRR5195108.bin.28	87	12	0	21	PF00410.20,PF00466.21,PF01025.20,PF03726.15,TIGR00006,TIGR00020,TIGR00029,TIGR00043,TIGR00054,TIGR00059,TIGR00061,TIGR00064,TIGR00065,TIGR00082,TIGR00084,TIGR00086,TIGR00088,TIGR00090,TIGR00095,TIGR00115,TIGR00116,TIGR00138,TIGR00158,TIGR00168,TIGR00186,TIGR00194,TIGR00250,TIGR00337,TIGR00344,TIGR00362,TIGR00382,TIGR00392,TIGR00396,TIGR00398,TIGR00414,TIGR00416,TIGR00431,TIGR00435,TIGR00436,TIGR00442,TIGR00445,TIGR00456,TIGR00459,TIGR00468,TIGR00472,TIGR00487,TIGR00496,TIGR00539,TIGR00580,TIGR00593,TIGR00615,TIGR00631,TIGR00634,TIGR00635,TIGR00643,TIGR00755,TIGR00810,TIGR00959,TIGR00967,TIGR01021,TIGR01029,TIGR01032,TIGR01039,TIGR01059,TIGR01063,TIGR01066,TIGR01071,TIGR01079,TIGR01082,TIGR01087,TIGR01128,TIGR01146,TIGR01164,TIGR01169,TIGR01391,TIGR01510,TIGR01632,TIGR02027,TIGR02075,TIGR02191,TIGR02273,TIGR02350,TIGR02432,TIGR02729,TIGR03263,TIGR03594,TIGR03654	TIGR00083,TIGR00663,TIGR01009,TIGR01011,TIGR01044,TIGR01171,TIGR01302,TIGR01394,TIGR01951,TIGR02012,TIGR03625,TIGR03953		PF00380.20,PF02576.18,TIGR00019,TIGR00092,TIGR00166,TIGR00420,TIGR00460,TIGR00717,TIGR00922,TIGR00928,TIGR00963,TIGR00964,TIGR01017,TIGR01393,TIGR01953,TIGR02013,TIGR02386,TIGR02397,TIGR03632,TIGR03723,TIGR03725
SRR5195108.bin.29	41	13	0	66	TIGR00019,TIGR00054,TIGR00059,TIGR00086,TIGR00088,TIGR00138,TIGR00186,TIGR00337,TIGR00392,TIGR00396,TIGR00398,TIGR00416,TIGR00436,TIGR00442,TIGR00459,TIGR00593,TIGR00615,TIGR00631,TIGR00634,TIGR00635,TIGR00717,TIGR00810,TIGR00959,TIGR01009,TIGR01032,TIGR01039,TIGR01044,TIGR01063,TIGR01087,TIGR01164,TIGR01171,TIGR01393,TIGR01394,TIGR01951,TIGR01953,TIGR02012,TIGR02027,TIGR02273,TIGR03263,TIGR03594,TIGR03725	PF01025.20,TIGR00020,TIGR00082,TIGR00083,TIGR00445,TIGR00468,TIGR00472,TIGR00487,TIGR00539,TIGR01082,TIGR01146,TIGR01510,TIGR02432		PF00380.20,PF00410.20,PF00466.21,PF02576.18,PF03726.15,TIGR00006,TIGR00029,TIGR00043,TIGR00061,TIGR00064,TIGR00065,TIGR00084,TIGR00090,TIGR00092,TIGR00095,TIGR00115,TIGR00116,TIGR00158,TIGR00166,TIGR00168,TIGR00194,TIGR00250,TIGR00344,TIGR00362,TIGR00382,TIGR00414,TIGR00420,TIGR00431,TIGR00435,TIGR00456,TIGR00460,TIGR00496,TIGR00580,TIGR00643,TIGR00663,TIGR00755,TIGR00922,TIGR00928,TIGR00963,TIGR00964,TIGR00967,TIGR01011,TIGR01017,TIGR01021,TIGR01029,TIGR01059,TIGR01066,TIGR01071,TIGR01079,TIGR01128,TIGR01169,TIGR01302,TIGR01391,TIGR01632,TIGR02013,TIGR02075,TIGR02191,TIGR02350,TIGR02386,TIGR02397,TIGR02729,TIGR03625,TIGR03632,TIGR03654,TIGR03723,TIGR03953
SRR5195108.bin.3	2	0	0	118	TIGR01009,TIGR01164			PF00380.20,PF00410.20,PF00466.21,PF01025.20,PF02576.18,PF03726.15,TIGR00006,TIGR00019,TIGR00020,TIGR00029,TIGR00043,TIGR00054,TIGR00059,TIGR00061,TIGR00064,TIGR00065,TIGR00082,TIGR00083,TIGR00084,TIGR00086,TIGR00088,TIGR00090,TIGR00092,TIGR00095,TIGR00115,TIGR00116,TIGR00138,TIGR00158,TIGR00166,TIGR00168,TIGR00186,TIGR00194,TIGR00250,TIGR00337,TIGR00344,TIGR00362,TIGR00382,TIGR00392,TIGR00396,TIGR00398,TIGR00414,TIGR00416,TIGR00420,TIGR00431,TIGR00435,TIGR00436,TIGR00442,TIGR00445,TIGR00456,TIGR00459,TIGR00460,TIGR00468,TIGR00472,TIGR00487,TIGR00496,TIGR00539,TIGR00580,TIGR00593,TIGR00615,TIGR00631,TIGR00634,TIGR00635,TIGR00643,TIGR00663,TIGR00717,TIGR00755,TIGR00810,TIGR00922,TIGR00928,TIGR00959,TIGR00963,TIGR00964,TIGR00967,TIGR01011,TIGR01017,TIGR01021,TIGR01029,TIGR01032,TIGR01039,TIGR01044,TIGR01059,TIGR01063,TIGR01066,TIGR01071,TIGR01079,TIGR01082,TIGR01087,TIGR01128,TIGR01146,TIGR01169,TIGR01171,TIGR01302,TIGR01391,TIGR01393,TIGR01394,TIGR01510,TIGR01632,TIGR01951,TIGR01953,TIGR02012,TIGR02013,TIGR02027,TIGR02075,TIGR02191,TIGR02273,TIGR02350,TIGR02386,TIGR02397,TIGR02432,TIGR02729,TIGR03263,TIGR03594,TIGR03625,TIGR03632,TIGR03654,TIGR03723,TIGR03725,TIGR03953
SRR5195108.bin.30	1	0	0	119	TIGR00663			PF00380.20,PF00410.20,PF00466.21,PF01025.20,PF02576.18,PF03726.15,TIGR00006,TIGR00019,TIGR00020,TIGR00029,TIGR00043,TIGR00054,TIGR00059,TIGR00061,TIGR00064,TIGR00065,TIGR00082,TIGR00083,TIGR00084,TIGR00086,TIGR00088,TIGR00090,TIGR00092,TIGR00095,TIGR00115,TIGR00116,TIGR00138,TIGR00158,TIGR00166,TIGR00168,TIGR00186,TIGR00194,TIGR00250,TIGR00337,TIGR00344,TIGR00362,TIGR00382,TIGR00392,TIGR00396,TIGR00398,TIGR00414,TIGR00416,TIGR00420,TIGR00431,TIGR00435,TIGR00436,TIGR00442,TIGR00445,TIGR00456,TIGR00459,TIGR00460,TIGR00468,TIGR00472,TIGR00487,TIGR00496,TIGR00539,TIGR00580,TIGR00593,TIGR00615,TIGR00631,TIGR00634,TIGR00635,TIGR00643,TIGR00717,TIGR00755,TIGR00810,TIGR00922,TIGR00928,TIGR00959,TIGR00963,TIGR00964,TIGR00967,TIGR01009,TIGR01011,TIGR01017,TIGR01021,TIGR01029,TIGR01032,TIGR01039,TIGR01044,TIGR01059,TIGR01063,TIGR01066,TIGR01071,TIGR01079,TIGR01082,TIGR01087,TIGR01128,TIGR01146,TIGR01164,TIGR01169,TIGR01171,TIGR01302,TIGR01391,TIGR01393,TIGR01394,TIGR01510,TIGR01632,TIGR01951,TIGR01953,TIGR02012,TIGR02013,TIGR02027,TIGR02075,TIGR02191,TIGR02273,TIGR02350,TIGR02386,TIGR02397,TIGR02432,TIGR02729,TIGR03263,TIGR03594,TIGR03625,TIGR03632,TIGR03654,TIGR03723,TIGR03725,TIGR03953
SRR5195108.bin.31	17	93	0	10	TIGR00084,TIGR00095,TIGR00392,TIGR00435,TIGR00468,TIGR00631,TIGR00635,TIGR00717,TIGR01029,TIGR01044,TIGR01059,TIGR01146,TIGR01171,TIGR01302,TIGR02013,TIGR02350,TIGR03654	PF00380.20,PF00410.20,PF01025.20,PF02576.18,PF03726.15,TIGR00006,TIGR00020,TIGR00029,TIGR00043,TIGR00054,TIGR00059,TIGR00061,TIGR00064,TIGR00065,TIGR00082,TIGR00083,TIGR00086,TIGR00088,TIGR00090,TIGR00092,TIGR00115,TIGR00116,TIGR00138,TIGR00158,TIGR00166,TIGR00168,TIGR00186,TIGR00194,TIGR00250,TIGR00344,TIGR00362,TIGR00382,TIGR00396,TIGR00398,TIGR00414,TIGR00416,TIGR00420,TIGR00431,TIGR00436,TIGR00442,TIGR00445,TIGR00456,TIGR00459,TIGR00460,TIGR00472,TIGR00496,TIGR00539,TIGR00580,TIGR00593,TIGR00615,TIGR00634,TIGR00643,TIGR00663,TIGR00755,TIGR00810,TIGR00922,TIGR00928,TIGR00964,TIGR00967,TIGR01009,TIGR01011,TIGR01017,TIGR01021,TIGR01032,TIGR01063,TIGR01066,TIGR01071,TIGR01079,TIGR01082,TIGR01087,TIGR01128,TIGR01164,TIGR01169,TIGR01391,TIGR01393,TIGR01394,TIGR01510,TIGR01632,TIGR01951,TIGR01953,TIGR02012,TIGR02027,TIGR02075,TIGR02191,TIGR02273,TIGR02397,TIGR02432,TIGR02729,TIGR03263,TIGR03594,TIGR03632,TIGR03723,TIGR03725		PF00466.21,TIGR00019,TIGR00337,TIGR00487,TIGR00959,TIGR00963,TIGR01039,TIGR02386,TIGR03625,TIGR03953
SRR5195108.bin.32	47	11	0	62	PF00466.21,PF01025.20,PF02576.18,TIGR00020,TIGR00054,TIGR00064,TIGR00082,TIGR00090,TIGR00095,TIGR00115,TIGR00116,TIGR00194,TIGR00362,TIGR00392,TIGR00396,TIGR00431,TIGR00435,TIGR00442,TIGR00445,TIGR00456,TIGR00460,TIGR00472,TIGR00487,TIGR00496,TIGR00580,TIGR00634,TIGR00635,TIGR00663,TIGR00717,TIGR00755,TIGR00928,TIGR01011,TIGR01059,TIGR01128,TIGR01146,TIGR01169,TIGR01302,TIGR01393,TIGR01510,TIGR01953,TIGR02075,TIGR02350,TIGR02397,TIGR03263,TIGR03625,TIGR03723,TIGR03725	TIGR00043,TIGR00382,TIGR00414,TIGR00436,TIGR00593,TIGR01009,TIGR01044,TIGR01171,TIGR01394,TIGR02191,TIGR03953		PF00380.20,PF00410.20,PF03726.15,TIGR00006,TIGR00019,TIGR00029,TIGR00059,TIGR00061,TIGR00065,TIGR00083,TIGR00084,TIGR00086,TIGR00088,TIGR00092,TIGR00138,TIGR00158,TIGR00166,TIGR00168,TIGR00186,TIGR00250,TIGR00337,TIGR00344,TIGR00398,TIGR00416,TIGR00420,TIGR00459,TIGR00468,TIGR00539,TIGR00615,TIGR00631,TIGR00643,TIGR00810,TIGR00922,TIGR00959,TIGR00963,TIGR00964,TIGR00967,TIGR01017,TIGR01021,TIGR01029,TIGR01032,TIGR01039,TIGR01063,TIGR01066,TIGR01071,TIGR01079,TIGR01082,TIGR01087,TIGR01164,TIGR01391,TIGR01632,TIGR01951,TIGR02012,TIGR02013,TIGR02027,TIGR02273,TIGR02386,TIGR02432,TIGR02729,TIGR03594,TIGR03632,TIGR03654
SRR5195108.bin.33	11	0	0	109	PF03726.15,TIGR00043,TIGR00061,TIGR00088,TIGR00166,TIGR00194,TIGR00431,TIGR00459,TIGR00717,TIGR02273,TIGR03725			PF00380.20,PF00410.20,PF00466.21,PF01025.20,PF02576.18,TIGR00006,TIGR00019,TIGR00020,TIGR00029,TIGR00054,TIGR00059,TIGR00064,TIGR00065,TIGR00082,TIGR00083,TIGR00084,TIGR00086,TIGR00090,TIGR00092,TIGR00095,TIGR00115,TIGR00116,TIGR00138,TIGR00158,TIGR00168,TIGR00186,TIGR00250,TIGR00337,TIGR00344,TIGR00362,TIGR00382,TIGR00392,TIGR00396,TIGR00398,TIGR00414,TIGR00416,TIGR00420,TIGR00435,TIGR00436,TIGR00442,TIGR00445,TIGR00456,TIGR00460,TIGR00468,TIGR00472,TIGR00487,TIGR00496,TIGR00539,TIGR00580,TIGR00593,TIGR00615,TIGR00631,TIGR00634,TIGR00635,TIGR00643,TIGR00663,TIGR00755,TIGR00810,TIGR00922,TIGR00928,TIGR00959,TIGR00963,TIGR00964,TIGR00967,TIGR01009,TIGR01011,TIGR01017,TIGR01021,TIGR01029,TIGR01032,TIGR01039,TIGR01044,TIGR01059,TIGR01063,TIGR01066,TIGR01071,TIGR01079,TIGR01082,TIGR01087,TIGR01128,TIGR01146,TIGR01164,TIGR01169,TIGR01171,TIGR01302,TIGR01391,TIGR01393,TIGR01394,TIGR01510,TIGR01632,TIGR01951,TIGR01953,TIGR02012,TIGR02013,TIGR02027,TIGR02075,TIGR02191,TIGR02350,TIGR02386,TIGR02397,TIGR02432,TIGR02729,TIGR03263,TIGR03594,TIGR03625,TIGR03632,TIGR03654,TIGR03723,TIGR03953
SRR5195108.bin.34	5	0	0	115	TIGR00043,TIGR00250,TIGR00460,TIGR00539,TIGR02729			PF00380.20,PF00410.20,PF00466.21,PF01025.20,PF02576.18,PF03726.15,TIGR00006,TIGR00019,TIGR00020,TIGR00029,TIGR00054,TIGR00059,TIGR00061,TIGR00064,TIGR00065,TIGR00082,TIGR00083,TIGR00084,TIGR00086,TIGR00088,TIGR00090,TIGR00092,TIGR00095,TIGR00115,TIGR00116,TIGR00138,TIGR00158,TIGR00166,TIGR00168,TIGR00186,TIGR00194,TIGR00337,TIGR00344,TIGR00362,TIGR00382,TIGR00392,TIGR00396,TIGR00398,TIGR00414,TIGR00416,TIGR00420,TIGR00431,TIGR00435,TIGR00436,TIGR00442,TIGR00445,TIGR00456,TIGR00459,TIGR00468,TIGR00472,TIGR00487,TIGR00496,TIGR00580,TIGR00593,TIGR00615,TIGR00631,TIGR00634,TIGR00635,TIGR00643,TIGR00663,TIGR00717,TIGR00755,TIGR00810,TIGR00922,TIGR00928,TIGR00959,TIGR00963,TIGR00964,TIGR00967,TIGR01009,TIGR01011,TIGR01017,TIGR01021,TIGR01029,TIGR01032,TIGR01039,TIGR01044,TIGR01059,TIGR01063,TIGR01066,TIGR01071,TIGR01079,TIGR01082,TIGR01087,TIGR01128,TIGR01146,TIGR01164,TIGR01169,TIGR01171,TIGR01302,TIGR01391,TIGR01393,TIGR01394,TIGR01510,TIGR01632,TIGR01951,TIGR01953,TIGR02012,TIGR02013,TIGR02027,TIGR02075,TIGR02191,TIGR02273,TIGR02350,TIGR02386,TIGR02397,TIGR02432,TIGR03263,TIGR03594,TIGR03625,TIGR03632,TIGR03654,TIGR03723,TIGR03725,TIGR03953
SRR5195108.bin.35	6	0	0	114	TIGR00088,TIGR00472,TIGR00593,TIGR00615,TIGR00959,TIGR02273			PF00380.20,PF00410.20,PF00466.21,PF01025.20,PF02576.18,PF03726.15,TIGR00006,TIGR00019,TIGR00020,TIGR00029,TIGR00043,TIGR00054,TIGR00059,TIGR00061,TIGR00064,TIGR00065,TIGR00082,TIGR00083,TIGR00084,TIGR00086,TIGR00090,TIGR00092,TIGR00095,TIGR00115,TIGR00116,TIGR00138,TIGR00158,TIGR00166,TIGR00168,TIGR00186,TIGR00194,TIGR00250,TIGR00337,TIGR00344,TIGR00362,TIGR00382,TIGR00392,TIGR00396,TIGR00398,TIGR00414,TIGR00416,TIGR00420,TIGR00431,TIGR00435,TIGR00436,TIGR00442,TIGR00445,TIGR00456,TIGR00459,TIGR00460,TIGR00468,TIGR00487,TIGR00496,TIGR00539,TIGR00580,TIGR00631,TIGR00634,TIGR00635,TIGR00643,TIGR00663,TIGR00717,TIGR00755,TIGR00810,TIGR00922,TIGR00928,TIGR00963,TIGR00964,TIGR00967,TIGR01009,TIGR01011,TIGR01017,TIGR01021,TIGR01029,TIGR01032,TIGR01039,TIGR01044,TIGR01059,TIGR01063,TIGR01066,TIGR01071,TIGR01079,TIGR01082,TIGR01087,TIGR01128,TIGR01146,TIGR01164,TIGR01169,TIGR01171,TIGR01302,TIGR01391,TIGR01393,TIGR01394,TIGR01510,TIGR01632,TIGR01951,TIGR01953,TIGR02012,TIGR02013,TIGR02027,TIGR02075,TIGR02191,TIGR02350,TIGR02386,TIGR02397,TIGR02432,TIGR02729,TIGR03263,TIGR03594,TIGR03625,TIGR03632,TIGR03654,TIGR03723,TIGR03725,TIGR03953
SRR5195108.bin.36	19	0	0	101	PF02576.18,PF03726.15,TIGR00059,TIGR00061,TIGR00065,TIGR00088,TIGR00436,TIGR00456,TIGR00487,TIGR00539,TIGR01017,TIGR01029,TIGR01039,TIGR01953,TIGR02027,TIGR02191,TIGR02273,TIGR02729,TIGR03632			PF00380.20,PF00410.20,PF00466.21,PF01025.20,TIGR00006,TIGR00019,TIGR00020,TIGR00029,TIGR00043,TIGR00054,TIGR00064,TIGR00082,TIGR00083,TIGR00084,TIGR00086,TIGR00090,TIGR00092,TIGR00095,TIGR00115,TIGR00116,TIGR00138,TIGR00158,TIGR00166,TIGR00168,TIGR00186,TIGR00194,TIGR00250,TIGR00337,TIGR00344,TIGR00362,TIGR00382,TIGR00392,TIGR00396,TIGR00398,TIGR00414,TIGR00416,TIGR00420,TIGR00431,TIGR00435,TIGR00442,TIGR00445,TIGR00459,TIGR00460,TIGR00468,TIGR00472,TIGR00496,TIGR00580,TIGR00593,TIGR00615,TIGR00631,TIGR00634,TIGR00635,TIGR00643,TIGR00663,TIGR00717,TIGR00755,TIGR00810,TIGR00922,TIGR00928,TIGR00959,TIGR00963,TIGR00964,TIGR00967,TIGR01009,TIGR01011,TIGR01021,TIGR01032,TIGR01044,TIGR01059,TIGR01063,TIGR01066,TIGR01071,TIGR01079,TIGR01082,TIGR01087,TIGR01128,TIGR01146,TIGR01164,TIGR01169,TIGR01171,TIGR01302,TIGR01391,TIGR01393,TIGR01394,TIGR01510,TIGR01632,TIGR01951,TIGR02012,TIGR02013,TIGR02075,TIGR02350,TIGR02386,TIGR02397,TIGR02432,TIGR03263,TIGR03594,TIGR03625,TIGR03654,TIGR03723,TIGR03725,TIGR03953
SRR5195108.bin.37	101	3	0	16	PF00380.20,PF00410.20,PF00466.21,PF01025.20,PF02576.18,PF03726.15,TIGR00006,TIGR00019,TIGR00020,TIGR00029,TIGR00043,TIGR00054,TIGR00059,TIGR00061,TIGR00064,TIGR00065,TIGR00082,TIGR00083,TIGR00086,TIGR00090,TIGR00092,TIGR00095,TIGR00115,TIGR00116,TIGR00138,TIGR00158,TIGR00166,TIGR00186,TIGR00194,TIGR00250,TIGR00337,TIGR00344,TIGR00362,TIGR00392,TIGR00398,TIGR00414,TIGR00416,TIGR00420,TIGR00431,TIGR00435,TIGR00436,TIGR00442,TIGR00445,TIGR00456,TIGR00459,TIGR00460,TIGR00468,TIGR00487,TIGR00496,TIGR00539,TIGR00593,TIGR00615,TIGR00634,TIGR00635,TIGR00643,TIGR00663,TIGR00717,TIGR00755,TIGR00810,TIGR00922,TIGR00928,TIGR00964,TIGR00967,TIGR01009,TIGR01011,TIGR01017,TIGR01021,TIGR01044,TIGR01063,TIGR01066,TIGR01071,TIGR01079,TIGR01082,TIGR01087,TIGR01128,TIGR01146,TIGR01164,TIGR01169,TIGR01171,TIGR01302,TIGR01393,TIGR01510,TIGR01632,TIGR01951,TIGR01953,TIGR02012,TIGR02013,TIGR02027,TIGR02075,TIGR02350,TIGR02386,TIGR02397,TIGR02432,TIGR02729,TIGR03263,TIGR03594,TIGR03625,TIGR03632,TIGR03723,TIGR03725,TIGR03953	TIGR00382,TIGR01029,TIGR01394		TIGR00084,TIGR00088,TIGR00168,TIGR00396,TIGR00472,TIGR00580,TIGR00631,TIGR00959,TIGR00963,TIGR01032,TIGR01039,TIGR01059,TIGR01391,TIGR02191,TIGR02273,TIGR03654
SRR5195108.bin.38	28	8	0	84	TIGR00029,TIGR00043,TIGR00054,TIGR00082,TIGR00084,TIGR00095,TIGR00138,TIGR00158,TIGR00431,TIGR00435,TIGR00445,TIGR00459,TIGR00468,TIGR00472,TIGR00496,TIGR00615,TIGR00634,TIGR00928,TIGR01032,TIGR01082,TIGR01087,TIGR01164,TIGR01391,TIGR01510,TIGR02397,TIGR02432,TIGR02729,TIGR03594	TIGR00064,TIGR00186,TIGR00250,TIGR00396,TIGR00460,TIGR00539,TIGR00631,TIGR00643		PF00380.20,PF00410.20,PF00466.21,PF01025.20,PF02576.18,PF03726.15,TIGR00006,TIGR00019,TIGR00020,TIGR00059,TIGR00061,TIGR00065,TIGR00083,TIGR00086,TIGR00088,TIGR00090,TIGR00092,TIGR00115,TIGR00116,TIGR00166,TIGR00168,TIGR00194,TIGR00337,TIGR00344,TIGR00362,TIGR00382,TIGR00392,TIGR00398,TIGR00414,TIGR00416,TIGR00420,TIGR00436,TIGR00442,TIGR00456,TIGR00487,TIGR00580,TIGR00593,TIGR00635,TIGR00663,TIGR00717,TIGR00755,TIGR00810,TIGR00922,TIGR00959,TIGR00963,TIGR00964,TIGR00967,TIGR01009,TIGR01011,TIGR01017,TIGR01021,TIGR01029,TIGR01039,TIGR01044,TIGR01059,TIGR01063,TIGR01066,TIGR01071,TIGR01079,TIGR01128,TIGR01146,TIGR01169,TIGR01171,TIGR01302,TIGR01393,TIGR01394,TIGR01632,TIGR01951,TIGR01953,TIGR02012,TIGR02013,TIGR02027,TIGR02075,TIGR02191,TIGR02273,TIGR02350,TIGR02386,TIGR03263,TIGR03625,TIGR03632,TIGR03654,TIGR03723,TIGR03725,TIGR03953
SRR5195108.bin.39	33	1	0	86	PF00466.21,PF01025.20,TIGR00054,TIGR00061,TIGR00065,TIGR00088,TIGR00095,TIGR00116,TIGR00138,TIGR00168,TIGR00392,TIGR00398,TIGR00420,TIGR00431,TIGR00468,TIGR00496,TIGR00539,TIGR00635,TIGR00643,TIGR00663,TIGR00717,TIGR00959,TIGR01032,TIGR01063,TIGR01169,TIGR01394,TIGR01632,TIGR02012,TIGR02075,TIGR02273,TIGR02386,TIGR02432,TIGR02729	TIGR01082		PF00380.20,PF00410.20,PF02576.18,PF03726.15,TIGR00006,TIGR00019,TIGR00020,TIGR00029,TIGR00043,TIGR00059,TIGR00064,TIGR00082,TIGR00083,TIGR00084,TIGR00086,TIGR00090,TIGR00092,TIGR00115,TIGR00158,TIGR00166,TIGR00186,TIGR00194,TIGR00250,TIGR00337,TIGR00344,TIGR00362,TIGR00382,TIGR00396,TIGR00414,TIGR00416,TIGR00435,TIGR00436,TIGR00442,TIGR00445,TIGR00456,TIGR00459,TIGR00460,TIGR00472,TIGR00487,TIGR00580,TIGR00593,TIGR00615,TIGR00631,TIGR00634,TIGR00755,TIGR00810,TIGR00922,TIGR00928,TIGR00963,TIGR00964,TIGR00967,TIGR01009,TIGR01011,TIGR01017,TIGR01021,TIGR01029,TIGR01039,TIGR01044,TIGR01059,TIGR01066,TIGR01071,TIGR01079,TIGR01087,TIGR01128,TIGR01146,TIGR01164,TIGR01171,TIGR01302,TIGR01391,TIGR01393,TIGR01510,TIGR01951,TIGR01953,TIGR02013,TIGR02027,TIGR02191,TIGR02350,TIGR02397,TIGR03263,TIGR03594,TIGR03625,TIGR03632,TIGR03654,TIGR03723,TIGR03725,TIGR03953
SRR5195108.bin.4	7	14	0	99	PF01025.20,TIGR00064,TIGR00337,TIGR00344,TIGR00468,TIGR01302,TIGR02350	PF00380.20,PF00410.20,PF00466.21,TIGR00194,TIGR00392,TIGR00398,TIGR00414,TIGR00431,TIGR00435,TIGR00442,TIGR00456,TIGR00631,TIGR00755,TIGR00967		PF02576.18,PF03726.15,TIGR00006,TIGR00019,TIGR00020,TIGR00029,TIGR00043,TIGR00054,TIGR00059,TIGR00061,TIGR00065,TIGR00082,TIGR00083,TIGR00084,TIGR00086,TIGR00088,TIGR00090,TIGR00092,TIGR00095,TIGR00115,TIGR00116,TIGR00138,TIGR00158,TIGR00166,TIGR00168,TIGR00186,TIGR00250,TIGR00362,TIGR00382,TIGR00396,TIGR00416,TIGR00420,TIGR00436,TIGR00445,TIGR00459,TIGR00460,TIGR00472,TIGR00487,TIGR00496,TIGR00539,TIGR00580,TIGR00593,TIGR00615,TIGR00634,TIGR00635,TIGR00643,TIGR00663,TIGR00717,TIGR00810,TIGR00922,TIGR00928,TIGR00959,TIGR00963,TIGR00964,TIGR01009,TIGR01011,TIGR01017,TIGR01021,TIGR01029,TIGR01032,TIGR01039,TIGR01044,TIGR01059,TIGR01063,TIGR01066,TIGR01071,TIGR01079,TIGR01082,TIGR01087,TIGR01128,TIGR01146,TIGR01164,TIGR01169,TIGR01171,TIGR01391,TIGR01393,TIGR01394,TIGR01510,TIGR01632,TIGR01951,TIGR01953,TIGR02012,TIGR02013,TIGR02027,TIGR02075,TIGR02191,TIGR02273,TIGR02386,TIGR02397,TIGR02432,TIGR02729,TIGR03263,TIGR03594,TIGR03625,TIGR03632,TIGR03654,TIGR03723,TIGR03725,TIGR03953
SRR5195108.bin.40	2	0	0	118	TIGR00064,TIGR00631			PF00380.20,PF00410.20,PF00466.21,PF01025.20,PF02576.18,PF03726.15,TIGR00006,TIGR00019,TIGR00020,TIGR00029,TIGR00043,TIGR00054,TIGR00059,TIGR00061,TIGR00065,TIGR00082,TIGR00083,TIGR00084,TIGR00086,TIGR00088,TIGR00090,TIGR00092,TIGR00095,TIGR00115,TIGR00116,TIGR00138,TIGR00158,TIGR00166,TIGR00168,TIGR00186,TIGR00194,TIGR00250,TIGR00337,TIGR00344,TIGR00362,TIGR00382,TIGR00392,TIGR00396,TIGR00398,TIGR00414,TIGR00416,TIGR00420,TIGR00431,TIGR00435,TIGR00436,TIGR00442,TIGR00445,TIGR00456,TIGR00459,TIGR00460,TIGR00468,TIGR00472,TIGR00487,TIGR00496,TIGR00539,TIGR00580,TIGR00593,TIGR00615,TIGR00634,TIGR00635,TIGR00643,TIGR00663,TIGR00717,TIGR00755,TIGR00810,TIGR00922,TIGR00928,TIGR00959,TIGR00963,TIGR00964,TIGR00967,TIGR01009,TIGR01011,TIGR01017,TIGR01021,TIGR01029,TIGR01032,TIGR01039,TIGR01044,TIGR01059,TIGR01063,TIGR01066,TIGR01071,TIGR01079,TIGR01082,TIGR01087,TIGR01128,TIGR01146,TIGR01164,TIGR01169,TIGR01171,TIGR01302,TIGR01391,TIGR01393,TIGR01394,TIGR01510,TIGR01632,TIGR01951,TIGR01953,TIGR02012,TIGR02013,TIGR02027,TIGR02075,TIGR02191,TIGR02273,TIGR02350,TIGR02386,TIGR02397,TIGR02432,TIGR02729,TIGR03263,TIGR03594,TIGR03625,TIGR03632,TIGR03654,TIGR03723,TIGR03725,TIGR03953
SRR5195108.bin.41	31	2	0	87	TIGR00029,TIGR00054,TIGR00061,TIGR00083,TIGR00084,TIGR00090,TIGR00095,TIGR00116,TIGR00194,TIGR00250,TIGR00337,TIGR00344,TIGR00382,TIGR00398,TIGR00420,TIGR00431,TIGR00442,TIGR00460,TIGR00487,TIGR00615,TIGR00634,TIGR00635,TIGR00755,TIGR01011,TIGR01017,TIGR01029,TIGR01391,TIGR02191,TIGR02397,TIGR03632,TIGR03725	TIGR00362,TIGR00456		PF00380.20,PF00410.20,PF00466.21,PF01025.20,PF02576.18,PF03726.15,TIGR00006,TIGR00019,TIGR00020,TIGR00043,TIGR00059,TIGR00064,TIGR00065,TIGR00082,TIGR00086,TIGR00088,TIGR00092,TIGR00115,TIGR00138,TIGR00158,TIGR00166,TIGR00168,TIGR00186,TIGR00392,TIGR00396,TIGR00414,TIGR00416,TIGR00435,TIGR00436,TIGR00445,TIGR00459,TIGR00468,TIGR00472,TIGR00496,TIGR00539,TIGR00580,TIGR00593,TIGR00631,TIGR00643,TIGR00663,TIGR00717,TIGR00810,TIGR00922,TIGR00928,TIGR00959,TIGR00963,TIGR00964,TIGR00967,TIGR01009,TIGR01021,TIGR01032,TIGR01039,TIGR01044,TIGR01059,TIGR01063,TIGR01066,TIGR01071,TIGR01079,TIGR01082,TIGR01087,TIGR01128,TIGR01146,TIGR01164,TIGR01169,TIGR01171,TIGR01302,TIGR01393,TIGR01394,TIGR01510,TIGR01632,TIGR01951,TIGR01953,TIGR02012,TIGR02013,TIGR02027,TIGR02075,TIGR02273,TIGR02350,TIGR02386,TIGR02432,TIGR02729,TIGR03263,TIGR03594,TIGR03625,TIGR03654,TIGR03723,TIGR03953
SRR5195108.bin.42	20	0	0	100	PF01025.20,TIGR00043,TIGR00090,TIGR00138,TIGR00158,TIGR00337,TIGR00396,TIGR00456,TIGR00472,TIGR00580,TIGR00593,TIGR00631,TIGR00643,TIGR00663,TIGR00755,TIGR01011,TIGR01032,TIGR01082,TIGR01393,TIGR02191			PF00380.20,PF00410.20,PF00466.21,PF02576.18,PF03726.15,TIGR00006,TIGR00019,TIGR00020,TIGR00029,TIGR00054,TIGR00059,TIGR00061,TIGR00064,TIGR00065,TIGR00082,TIGR00083,TIGR00084,TIGR00086,TIGR00088,TIGR00092,TIGR00095,TIGR00115,TIGR00116,TIGR00166,TIGR00168,TIGR00186,TIGR00194,TIGR00250,TIGR00344,TIGR00362,TIGR00382,TIGR00392,TIGR00398,TIGR00414,TIGR00416,TIGR00420,TIGR00431,TIGR00435,TIGR00436,TIGR00442,TIGR00445,TIGR00459,TIGR00460,TIGR00468,TIGR00487,TIGR00496,TIGR00539,TIGR00615,TIGR00634,TIGR00635,TIGR00717,TIGR00810,TIGR00922,TIGR00928,TIGR00959,TIGR00963,TIGR00964,TIGR00967,TIGR01009,TIGR01017,TIGR01021,TIGR01029,TIGR01039,TIGR01044,TIGR01059,TIGR01063,TIGR01066,TIGR01071,TIGR01079,TIGR01087,TIGR01128,TIGR01146,TIGR01164,TIGR01169,TIGR01171,TIGR01302,TIGR01391,TIGR01394,TIGR01510,TIGR01632,TIGR01951,TIGR01953,TIGR02012,TIGR02013,TIGR02027,TIGR02075,TIGR02273,TIGR02350,TIGR02386,TIGR02397,TIGR02432,TIGR02729,TIGR03263,TIGR03594,TIGR03625,TIGR03632,TIGR03654,TIGR03723,TIGR03725,TIGR03953
SRR5195108.bin.43	63	10	0	47	PF00380.20,PF00466.21,PF02576.18,TIGR00006,TIGR00020,TIGR00029,TIGR00043,TIGR00054,TIGR00061,TIGR00064,TIGR00082,TIGR00084,TIGR00086,TIGR00088,TIGR00090,TIGR00095,TIGR00115,TIGR00158,TIGR00166,TIGR00168,TIGR00250,TIGR00337,TIGR00344,TIGR00382,TIGR00398,TIGR00420,TIGR00431,TIGR00436,TIGR00456,TIGR00468,TIGR00615,TIGR00635,TIGR00643,TIGR00717,TIGR00755,TIGR00810,TIGR00922,TIGR00928,TIGR00959,TIGR00963,TIGR00964,TIGR00967,TIGR01009,TIGR01021,TIGR01029,TIGR01032,TIGR01066,TIGR01071,TIGR01079,TIGR01128,TIGR01164,TIGR01169,TIGR01391,TIGR01393,TIGR01394,TIGR01632,TIGR01951,TIGR01953,TIGR02012,TIGR02013,TIGR02191,TIGR02432,TIGR02729	TIGR00396,TIGR00435,TIGR00442,TIGR00459,TIGR00472,TIGR00580,TIGR01510,TIGR02273,TIGR03723,TIGR03725		PF00410.20,PF01025.20,PF03726.15,TIGR00019,TIGR00059,TIGR00065,TIGR00083,TIGR00092,TIGR00116,TIGR00138,TIGR00186,TIGR00194,TIGR00362,TIGR00392,TIGR00414,TIGR00416,TIGR00445,TIGR00460,TIGR00487,TIGR00496,TIGR00539,TIGR00593,TIGR00631,TIGR00634,TIGR00663,TIGR01011,TIGR01017,TIGR01039,TIGR01044,TIGR01059,TIGR01063,TIGR01082,TIGR01087,TIGR01146,TIGR01171,TIGR01302,TIGR02027,TIGR02075,TIGR02350,TIGR02386,TIGR02397,TIGR03263,TIGR03594,TIGR03625,TIGR03632,TIGR03654,TIGR03953
SRR5195108.bin.44	7	0	0	113	PF01025.20,TIGR00337,TIGR00344,TIGR00468,TIGR00928,TIGR01302,TIGR02350			PF00380.20,PF00410.20,PF00466.21,PF02576.18,PF03726.15,TIGR00006,TIGR00019,TIGR00020,TIGR00029,TIGR00043,TIGR00054,TIGR00059,TIGR00061,TIGR00064,TIGR00065,TIGR00082,TIGR00083,TIGR00084,TIGR00086,TIGR00088,TIGR00090,TIGR00092,TIGR00095,TIGR00115,TIGR00116,TIGR00138,TIGR00158,TIGR00166,TIGR00168,TIGR00186,TIGR00194,TIGR00250,TIGR00362,TIGR00382,TIGR00392,TIGR00396,TIGR00398,TIGR00414,TIGR00416,TIGR00420,TIGR00431,TIGR00435,TIGR00436,TIGR00442,TIGR00445,TIGR00456,TIGR00459,TIGR00460,TIGR00472,TIGR00487,TIGR00496,TIGR00539,TIGR00580,TIGR00593,TIGR00615,TIGR00631,TIGR00634,TIGR00635,TIGR00643,TIGR00663,TIGR00717,TIGR00755,TIGR00810,TIGR00922,TIGR00959,TIGR00963,TIGR00964,TIGR00967,TIGR01009,TIGR01011,TIGR01017,TIGR01021,TIGR01029,TIGR01032,TIGR01039,TIGR01044,TIGR01059,TIGR01063,TIGR01066,TIGR01071,TIGR01079,TIGR01082,TIGR01087,TIGR01128,TIGR01146,TIGR01164,TIGR01169,TIGR01171,TIGR01391,TIGR01393,TIGR01394,TIGR01510,TIGR01632,TIGR01951,TIGR01953,TIGR02012,TIGR02013,TIGR02027,TIGR02075,TIGR02191,TIGR02273,TIGR02386,TIGR02397,TIGR02432,TIGR02729,TIGR03263,TIGR03594,TIGR03625,TIGR03632,TIGR03654,TIGR03723,TIGR03725,TIGR03953
SRR5195108.bin.45	19	1	0	100	PF00380.20,PF00410.20,PF01025.20,TIGR00064,TIGR00194,TIGR00337,TIGR00344,TIGR00392,TIGR00398,TIGR00414,TIGR00431,TIGR00435,TIGR00442,TIGR00456,TIGR00468,TIGR00928,TIGR00967,TIGR01302,TIGR02350	TIGR00631		PF00466.21,PF02576.18,PF03726.15,TIGR00006,TIGR00019,TIGR00020,TIGR00029,TIGR00043,TIGR00054,TIGR00059,TIGR00061,TIGR00065,TIGR00082,TIGR00083,TIGR00084,TIGR00086,TIGR00088,TIGR00090,TIGR00092,TIGR00095,TIGR00115,TIGR00116,TIGR00138,TIGR00158,TIGR00166,TIGR00168,TIGR00186,TIGR00250,TIGR00362,TIGR00382,TIGR00396,TIGR00416,TIGR00420,TIGR00436,TIGR00445,TIGR00459,TIGR00460,TIGR00472,TIGR00487,TIGR00496,TIGR00539,TIGR00580,TIGR00593,TIGR00615,TIGR00634,TIGR00635,TIGR00643,TIGR00663,TIGR00717,TIGR00755,TIGR00810,TIGR00922,TIGR00959,TIGR00963,TIGR00964,TIGR01009,TIGR01011,TIGR01017,TIGR01021,TIGR01029,TIGR01032,TIGR01039,TIGR01044,TIGR01059,TIGR01063,TIGR01066,TIGR01071,TIGR01079,TIGR01082,TIGR01087,TIGR01128,TIGR01146,TIGR01164,TIGR01169,TIGR01171,TIGR01391,TIGR01393,TIGR01394,TIGR01510,TIGR01632,TIGR01951,TIGR01953,TIGR02012,TIGR02013,TIGR02027,TIGR02075,TIGR02191,TIGR02273,TIGR02386,TIGR02397,TIGR02432,TIGR02729,TIGR03263,TIGR03594,TIGR03625,TIGR03632,TIGR03654,TIGR03723,TIGR03725,TIGR03953
SRR5195108.bin.46	4	112	0	4	PF02576.18,TIGR00634,TIGR01951,TIGR02397	PF00380.20,PF00410.20,PF00466.21,PF01025.20,TIGR00006,TIGR00019,TIGR00020,TIGR00029,TIGR00043,TIGR00054,TIGR00059,TIGR00061,TIGR00064,TIGR00065,TIGR00082,TIGR00083,TIGR00084,TIGR00086,TIGR00088,TIGR00090,TIGR00092,TIGR00095,TIGR00115,TIGR00116,TIGR00138,TIGR00158,TIGR00166,TIGR00168,TIGR00186,TIGR00194,TIGR00250,TIGR00337,TIGR00344,TIGR00362,TIGR00382,TIGR00392,TIGR00396,TIGR00398,TIGR00414,TIGR00416,TIGR00420,TIGR00431,TIGR00435,TIGR00442,TIGR00445,TIGR00456,TIGR00459,TIGR00460,TIGR00468,TIGR00472,TIGR00487,TIGR00496,TIGR00539,TIGR00580,TIGR00593,TIGR00615,TIGR00631,TIGR00635,TIGR00643,TIGR00663,TIGR00717,TIGR00755,TIGR00810,TIGR00922,TIGR00928,TIGR00959,TIGR00963,TIGR00964,TIGR00967,TIGR01009,TIGR01011,TIGR01017,TIGR01021,TIGR01029,TIGR01032,TIGR01039,TIGR01044,TIGR01059,TIGR01063,TIGR01066,TIGR01071,TIGR01079,TIGR01082,TIGR01087,TIGR01128,TIGR01146,TIGR01164,TIGR01169,TIGR01171,TIGR01391,TIGR01393,TIGR01394,TIGR01510,TIGR01632,TIGR01953,TIGR02012,TIGR02013,TIGR02027,TIGR02075,TIGR02191,TIGR02273,TIGR02350,TIGR02432,TIGR02729,TIGR03263,TIGR03594,TIGR03625,TIGR03632,TIGR03654,TIGR03723,TIGR03725,TIGR03953		PF03726.15,TIGR00436,TIGR01302,TIGR02386
SRR5195108.bin.47	35	2	0	83	PF00380.20,PF01025.20,TIGR00006,TIGR00043,TIGR00059,TIGR00064,TIGR00082,TIGR00083,TIGR00086,TIGR00115,TIGR00138,TIGR00166,TIGR00344,TIGR00382,TIGR00392,TIGR00398,TIGR00431,TIGR00436,TIGR00460,TIGR00468,TIGR00472,TIGR00487,TIGR00593,TIGR00615,TIGR00928,TIGR01017,TIGR01029,TIGR01032,TIGR01066,TIGR01128,TIGR02012,TIGR02027,TIGR02397,TIGR03594,TIGR03723	TIGR00362,TIGR00663		PF00410.20,PF00466.21,PF02576.18,PF03726.15,TIGR00019,TIGR00020,TIGR00029,TIGR00054,TIGR00061,TIGR00065,TIGR00084,TIGR00088,TIGR00090,TIGR00092,TIGR00095,TIGR00116,TIGR00158,TIGR00168,TIGR00186,TIGR00194,TIGR00250,TIGR00337,TIGR00396,TIGR00414,TIGR00416,TIGR00420,TIGR00435,TIGR00442,TIGR00445,TIGR00456,TIGR00459,TIGR00496,TIGR00539,TIGR00580,TIGR00631,TIGR00634,TIGR00635,TIGR00643,TIGR00717,TIGR00755,TIGR00810,TIGR00922,TIGR00959,TIGR00963,TIGR00964,TIGR00967,TIGR01009,TIGR01011,TIGR01021,TIGR01039,TIGR01044,TIGR01059,TIGR01063,TIGR01071,TIGR01079,TIGR01082,TIGR01087,TIGR01146,TIGR01164,TIGR01169,TIGR01171,TIGR01302,TIGR01391,TIGR01393,TIGR01394,TIGR01510,TIGR01632,TIGR01951,TIGR01953,TIGR02013,TIGR02075,TIGR02191,TIGR02273,TIGR02350,TIGR02386,TIGR02432,TIGR02729,TIGR03263,TIGR03625,TIGR03632,TIGR03654,TIGR03725,TIGR03953
SRR5195108.bin.48	11	0	0	109	PF02576.18,PF03726.15,TIGR00138,TIGR00382,TIGR00442,TIGR00928,TIGR01029,TIGR01393,TIGR01951,TIGR01953,TIGR02397			PF00380.20,PF00410.20,PF00466.21,PF01025.20,TIGR00006,TIGR00019,TIGR00020,TIGR00029,TIGR00043,TIGR00054,TIGR00059,TIGR00061,TIGR00064,TIGR00065,TIGR00082,TIGR00083,TIGR00084,TIGR00086,TIGR00088,TIGR00090,TIGR00092,TIGR00095,TIGR00115,TIGR00116,TIGR00158,TIGR00166,TIGR00168,TIGR00186,TIGR00194,TIGR00250,TIGR00337,TIGR00344,TIGR00362,TIGR00392,TIGR00396,TIGR00398,TIGR00414,TIGR00416,TIGR00420,TIGR00431,TIGR00435,TIGR00436,TIGR00445,TIGR00456,TIGR00459,TIGR00460,TIGR00468,TIGR00472,TIGR00487,TIGR00496,TIGR00539,TIGR00580,TIGR00593,TIGR00615,TIGR00631,TIGR00634,TIGR00635,TIGR00643,TIGR00663,TIGR00717,TIGR00755,TIGR00810,TIGR00922,TIGR00959,TIGR00963,TIGR00964,TIGR00967,TIGR01009,TIGR01011,TIGR01017,TIGR01021,TIGR01032,TIGR01039,TIGR01044,TIGR01059,TIGR01063,TIGR01066,TIGR01071,TIGR01079,TIGR01082,TIGR01087,TIGR01128,TIGR01146,TIGR01164,TIGR01169,TIGR01171,TIGR01302,TIGR01391,TIGR01394,TIGR01510,TIGR01632,TIGR02012,TIGR02013,TIGR02027,TIGR02075,TIGR02191,TIGR02273,TIGR02350,TIGR02386,TIGR02432,TIGR02729,TIGR03263,TIGR03594,TIGR03625,TIGR03632,TIGR03654,TIGR03723,TIGR03725,TIGR03953
SRR5195108.bin.49	37	2	0	81	PF00380.20,TIGR00019,TIGR00029,TIGR00054,TIGR00082,TIGR00084,TIGR00088,TIGR00090,TIGR00116,TIGR00166,TIGR00168,TIGR00186,TIGR00392,TIGR00396,TIGR00398,TIGR00420,TIGR00431,TIGR00436,TIGR00496,TIGR00539,TIGR00580,TIGR00634,TIGR00928,TIGR00963,TIGR01059,TIGR01066,TIGR01128,TIGR01391,TIGR01393,TIGR01394,TIGR01510,TIGR02075,TIGR02191,TIGR02273,TIGR02432,TIGR02729,TIGR03725	TIGR00043,TIGR03594		PF00410.20,PF00466.21,PF01025.20,PF02576.18,PF03726.15,TIGR00006,TIGR00020,TIGR00059,TIGR00061,TIGR00064,TIGR00065,TIGR00083,TIGR00086,TIGR00092,TIGR00095,TIGR00115,TIGR00138,TIGR00158,TIGR00194,TIGR00250,TIGR00337,TIGR00344,TIGR00362,TIGR00382,TIGR00414,TIGR00416,TIGR00435,TIGR00442,TIGR00445,TIGR00456,TIGR00459,TIGR00460,TIGR00468,TIGR00472,TIGR00487,TIGR00593,TIGR00615,TIGR00631,TIGR00635,TIGR00643,TIGR00663,TIGR00717,TIGR00755,TIGR00810,TIGR00922,TIGR00959,TIGR00964,TIGR00967,TIGR01009,TIGR01011,TIGR01017,TIGR01021,TIGR01029,TIGR01032,TIGR01039,TIGR01044,TIGR01063,TIGR01071,TIGR01079,TIGR01082,TIGR01087,TIGR01146,TIGR01164,TIGR01169,TIGR01171,TIGR01302,TIGR01632,TIGR01951,TIGR01953,TIGR02012,TIGR02013,TIGR02027,TIGR02350,TIGR02386,TIGR02397,TIGR03263,TIGR03625,TIGR03632,TIGR03654,TIGR03723,TIGR03953
SRR5195108.bin.5	82	3	0	35	PF00380.20,PF00410.20,PF01025.20,PF02576.18,PF03726.15,TIGR00006,TIGR00029,TIGR00043,TIGR00054,TIGR00059,TIGR00061,TIGR00064,TIGR00084,TIGR00086,TIGR00088,TIGR00090,TIGR00115,TIGR00116,TIGR00158,TIGR00166,TIGR00168,TIGR00194,TIGR00344,TIGR00362,TIGR00382,TIGR00396,TIGR00436,TIGR00456,TIGR00468,TIGR00472,TIGR00496,TIGR00539,TIGR00580,TIGR00615,TIGR00631,TIGR00635,TIGR00663,TIGR00717,TIGR00810,TIGR00922,TIGR00928,TIGR00963,TIGR00964,TIGR00967,TIGR01009,TIGR01011,TIGR01017,TIGR01021,TIGR01029,TIGR01032,TIGR01039,TIGR01044,TIGR01063,TIGR01066,TIGR01071,TIGR01079,TIGR01146,TIGR01164,TIGR01169,TIGR01171,TIGR01391,TIGR01393,TIGR01394,TIGR01510,TIGR01632,TIGR01953,TIGR02013,TIGR02027,TIGR02075,TIGR02191,TIGR02273,TIGR02350,TIGR02386,TIGR02397,TIGR02729,TIGR03263,TIGR03594,TIGR03632,TIGR03654,TIGR03723,TIGR03725,TIGR03953	TIGR00020,TIGR00435,TIGR03625		PF00466.21,TIGR00019,TIGR00065,TIGR00082,TIGR00083,TIGR00092,TIGR00095,TIGR00138,TIGR00186,TIGR00250,TIGR00337,TIGR00392,TIGR00398,TIGR00414,TIGR00416,TIGR00420,TIGR00431,TIGR00442,TIGR00445,TIGR00459,TIGR00460,TIGR00487,TIGR00593,TIGR00634,TIGR00643,TIGR00755,TIGR00959,TIGR01059,TIGR01082,TIGR01087,TIGR01128,TIGR01302,TIGR01951,TIGR02012,TIGR02432
SRR5195108.bin.50	96	3	0	21	PF00380.20,PF00410.20,PF00466.21,PF03726.15,TIGR00006,TIGR00020,TIGR00029,TIGR00043,TIGR00054,TIGR00061,TIGR00064,TIGR00065,TIGR00082,TIGR00083,TIGR00084,TIGR00086,TIGR00088,TIGR00092,TIGR00095,TIGR00115,TIGR00116,TIGR00166,TIGR00168,TIGR00194,TIGR00250,TIGR00344,TIGR00362,TIGR00392,TIGR00396,TIGR00398,TIGR00414,TIGR00420,TIGR00431,TIGR00435,TIGR00442,TIGR00445,TIGR00456,TIGR00459,TIGR00460,TIGR00472,TIGR00487,TIGR00496,TIGR00580,TIGR00615,TIGR00631,TIGR00634,TIGR00635,TIGR00643,TIGR00717,TIGR00810,TIGR00922,TIGR00959,TIGR00963,TIGR00964,TIGR00967,TIGR01009,TIGR01011,TIGR01017,TIGR01021,TIGR01029,TIGR01039,TIGR01044,TIGR01059,TIGR01063,TIGR01066,TIGR01071,TIGR01079,TIGR01087,TIGR01128,TIGR01146,TIGR01164,TIGR01169,TIGR01171,TIGR01391,TIGR01393,TIGR01394,TIGR01510,TIGR01632,TIGR01951,TIGR01953,TIGR02012,TIGR02013,TIGR02075,TIGR02191,TIGR02350,TIGR02386,TIGR02432,TIGR02729,TIGR03263,TIGR03594,TIGR03625,TIGR03632,TIGR03654,TIGR03723,TIGR03725,TIGR03953	PF01025.20,TIGR00382,TIGR00663		PF02576.18,TIGR00019,TIGR00059,TIGR00090,TIGR00138,TIGR00158,TIGR00186,TIGR00337,TIGR00416,TIGR00436,TIGR00468,TIGR00539,TIGR00593,TIGR00755,TIGR00928,TIGR01032,TIGR01082,TIGR01302,TIGR02027,TIGR02273,TIGR02397
SRR5195108.bin.51	5	0	0	115	TIGR00086,TIGR00194,TIGR00362,TIGR00663,TIGR01393			PF00380.20,PF00410.20,PF00466.21,PF01025.20,PF02576.18,PF03726.15,TIGR00006,TIGR00019,TIGR00020,TIGR00029,TIGR00043,TIGR00054,TIGR00059,TIGR00061,TIGR00064,TIGR00065,TIGR00082,TIGR00083,TIGR00084,TIGR00088,TIGR00090,TIGR00092,TIGR00095,TIGR00115,TIGR00116,TIGR00138,TIGR00158,TIGR00166,TIGR00168,TIGR00186,TIGR00250,TIGR00337,TIGR00344,TIGR00382,TIGR00392,TIGR00396,TIGR00398,TIGR00414,TIGR00416,TIGR00420,TIGR00431,TIGR00435,TIGR00436,TIGR00442,TIGR00445,TIGR00456,TIGR00459,TIGR00460,TIGR00468,TIGR00472,TIGR00487,TIGR00496,TIGR00539,TIGR00580,TIGR00593,TIGR00615,TIGR00631,TIGR00634,TIGR00635,TIGR00643,TIGR00717,TIGR00755,TIGR00810,TIGR00922,TIGR00928,TIGR00959,TIGR00963,TIGR00964,TIGR00967,TIGR01009,TIGR01011,TIGR01017,TIGR01021,TIGR01029,TIGR01032,TIGR01039,TIGR01044,TIGR01059,TIGR01063,TIGR01066,TIGR01071,TIGR01079,TIGR01082,TIGR01087,TIGR01128,TIGR01146,TIGR01164,TIGR01169,TIGR01171,TIGR01302,TIGR01391,TIGR01394,TIGR01510,TIGR01632,TIGR01951,TIGR01953,TIGR02012,TIGR02013,TIGR02027,TIGR02075,TIGR02191,TIGR02273,TIGR02350,TIGR02386,TIGR02397,TIGR02432,TIGR02729,TIGR03263,TIGR03594,TIGR03625,TIGR03632,TIGR03654,TIGR03723,TIGR03725,TIGR03953
SRR5195108.bin.52	0	0	0	120				PF00380.20,PF00410.20,PF00466.21,PF01025.20,PF02576.18,PF03726.15,TIGR00006,TIGR00019,TIGR00020,TIGR00029,TIGR00043,TIGR00054,TIGR00059,TIGR00061,TIGR00064,TIGR00065,TIGR00082,TIGR00083,TIGR00084,TIGR00086,TIGR00088,TIGR00090,TIGR00092,TIGR00095,TIGR00115,TIGR00116,TIGR00138,TIGR00158,TIGR00166,TIGR00168,TIGR00186,TIGR00194,TIGR00250,TIGR00337,TIGR00344,TIGR00362,TIGR00382,TIGR00392,TIGR00396,TIGR00398,TIGR00414,TIGR00416,TIGR00420,TIGR00431,TIGR00435,TIGR00436,TIGR00442,TIGR00445,TIGR00456,TIGR00459,TIGR00460,TIGR00468,TIGR00472,TIGR00487,TIGR00496,TIGR00539,TIGR00580,TIGR00593,TIGR00615,TIGR00631,TIGR00634,TIGR00635,TIGR00643,TIGR00663,TIGR00717,TIGR00755,TIGR00810,TIGR00922,TIGR00928,TIGR00959,TIGR00963,TIGR00964,TIGR00967,TIGR01009,TIGR01011,TIGR01017,TIGR01021,TIGR01029,TIGR01032,TIGR01039,TIGR01044,TIGR01059,TIGR01063,TIGR01066,TIGR01071,TIGR01079,TIGR01082,TIGR01087,TIGR01128,TIGR01146,TIGR01164,TIGR01169,TIGR01171,TIGR01302,TIGR01391,TIGR01393,TIGR01394,TIGR01510,TIGR01632,TIGR01951,TIGR01953,TIGR02012,TIGR02013,TIGR02027,TIGR02075,TIGR02191,TIGR02273,TIGR02350,TIGR02386,TIGR02397,TIGR02432,TIGR02729,TIGR03263,TIGR03594,TIGR03625,TIGR03632,TIGR03654,TIGR03723,TIGR03725,TIGR03953
SRR5195108.bin.53	7	2	0	111	TIGR00006,TIGR00019,TIGR00061,TIGR00396,TIGR00456,TIGR01087,TIGR02432	TIGR00445,TIGR03725		PF00380.20,PF00410.20,PF00466.21,PF01025.20,PF02576.18,PF03726.15,TIGR00020,TIGR00029,TIGR00043,TIGR00054,TIGR00059,TIGR00064,TIGR00065,TIGR00082,TIGR00083,TIGR00084,TIGR00086,TIGR00088,TIGR00090,TIGR00092,TIGR00095,TIGR00115,TIGR00116,TIGR00138,TIGR00158,TIGR00166,TIGR00168,TIGR00186,TIGR00194,TIGR00250,TIGR00337,TIGR00344,TIGR00362,TIGR00382,TIGR00392,TIGR00398,TIGR00414,TIGR00416,TIGR00420,TIGR00431,TIGR00435,TIGR00436,TIGR00442,TIGR00459,TIGR00460,TIGR00468,TIGR00472,TIGR00487,TIGR00496,TIGR00539,TIGR00580,TIGR00593,TIGR00615,TIGR00631,TIGR00634,TIGR00635,TIGR00643,TIGR00663,TIGR00717,TIGR00755,TIGR00810,TIGR00922,TIGR00928,TIGR00959,TIGR00963,TIGR00964,TIGR00967,TIGR01009,TIGR01011,TIGR01017,TIGR01021,TIGR01029,TIGR01032,TIGR01039,TIGR01044,TIGR01059,TIGR01063,TIGR01066,TIGR01071,TIGR01079,TIGR01082,TIGR01128,TIGR01146,TIGR01164,TIGR01169,TIGR01171,TIGR01302,TIGR01391,TIGR01393,TIGR01394,TIGR01510,TIGR01632,TIGR01951,TIGR01953,TIGR02012,TIGR02013,TIGR02027,TIGR02075,TIGR02191,TIGR02273,TIGR02350,TIGR02386,TIGR02397,TIGR02729,TIGR03263,TIGR03594,TIGR03625,TIGR03632,TIGR03654,TIGR03723,TIGR03953
SRR5195108.bin.54	9	0	0	111	TIGR00084,TIGR00344,TIGR00460,TIGR00539,TIGR01082,TIGR01302,TIGR02012,TIGR02397,TIGR03263			PF00380.20,PF00410.20,PF00466.21,PF01025.20,PF02576.18,PF03726.15,TIGR00006,TIGR00019,TIGR00020,TIGR00029,TIGR00043,TIGR00054,TIGR00059,TIGR00061,TIGR00064,TIGR00065,TIGR00082,TIGR00083,TIGR00086,TIGR00088,TIGR00090,TIGR00092,TIGR00095,TIGR00115,TIGR00116,TIGR00138,TIGR00158,TIGR00166,TIGR00168,TIGR00186,TIGR00194,TIGR00250,TIGR00337,TIGR00362,TIGR00382,TIGR00392,TIGR00396,TIGR00398,TIGR00414,TIGR00416,TIGR00420,TIGR00431,TIGR00435,TIGR00436,TIGR00442,TIGR00445,TIGR00456,TIGR00459,TIGR00468,TIGR00472,TIGR00487,TIGR00496,TIGR00580,TIGR00593,TIGR00615,TIGR00631,TIGR00634,TIGR00635,TIGR00643,TIGR00663,TIGR00717,TIGR00755,TIGR00810,TIGR00922,TIGR00928,TIGR00959,TIGR00963,TIGR00964,TIGR00967,TIGR01009,TIGR01011,TIGR01017,TIGR01021,TIGR01029,TIGR01032,TIGR01039,TIGR01044,TIGR01059,TIGR01063,TIGR01066,TIGR01071,TIGR01079,TIGR01087,TIGR01128,TIGR01146,TIGR01164,TIGR01169,TIGR01171,TIGR01391,TIGR01393,TIGR01394,TIGR01510,TIGR01632,TIGR01951,TIGR01953,TIGR02013,TIGR02027,TIGR02075,TIGR02191,TIGR02273,TIGR02350,TIGR02386,TIGR02432,TIGR02729,TIGR03594,TIGR03625,TIGR03632,TIGR03654,TIGR03723,TIGR03725,TIGR03953
SRR5195108.bin.55	52	50	0	18	PF03726.15,TIGR00006,TIGR00019,TIGR00043,TIGR00061,TIGR00064,TIGR00083,TIGR00084,TIGR00095,TIGR00115,TIGR00116,TIGR00168,TIGR00186,TIGR00337,TIGR00344,TIGR00362,TIGR00414,TIGR00416,TIGR00436,TIGR00459,TIGR00460,TIGR00468,TIGR00472,TIGR00496,TIGR00580,TIGR00593,TIGR00615,TIGR00634,TIGR00635,TIGR00643,TIGR00717,TIGR00755,TIGR00959,TIGR00963,TIGR00967,TIGR01017,TIGR01029,TIGR01059,TIGR01071,TIGR01082,TIGR01128,TIGR01146,TIGR01164,TIGR01302,TIGR01394,TIGR02191,TIGR02350,TIGR02432,TIGR02729,TIGR03625,TIGR03723,TIGR03953	PF00380.20,PF00466.21,PF01025.20,PF02576.18,TIGR00020,TIGR00054,TIGR00059,TIGR00065,TIGR00082,TIGR00086,TIGR00090,TIGR00092,TIGR00138,TIGR00158,TIGR00166,TIGR00194,TIGR00250,TIGR00382,TIGR00392,TIGR00396,TIGR00431,TIGR00445,TIGR00487,TIGR00663,TIGR00810,TIGR00922,TIGR00928,TIGR00964,TIGR01009,TIGR01011,TIGR01039,TIGR01044,TIGR01066,TIGR01087,TIGR01169,TIGR01171,TIGR01393,TIGR01510,TIGR01632,TIGR01951,TIGR01953,TIGR02012,TIGR02013,TIGR02027,TIGR02386,TIGR02397,TIGR03263,TIGR03594,TIGR03632,TIGR03725		PF00410.20,TIGR00029,TIGR00088,TIGR00398,TIGR00420,TIGR00435,TIGR00442,TIGR00456,TIGR00539,TIGR00631,TIGR01021,TIGR01032,TIGR01063,TIGR01079,TIGR01391,TIGR02075,TIGR02273,TIGR03654
SRR5195108.bin.56	0	0	0	120				PF00380.20,PF00410.20,PF00466.21,PF01025.20,PF02576.18,PF03726.15,TIGR00006,TIGR00019,TIGR00020,TIGR00029,TIGR00043,TIGR00054,TIGR00059,TIGR00061,TIGR00064,TIGR00065,TIGR00082,TIGR00083,TIGR00084,TIGR00086,TIGR00088,TIGR00090,TIGR00092,TIGR00095,TIGR00115,TIGR00116,TIGR00138,TIGR00158,TIGR00166,TIGR00168,TIGR00186,TIGR00194,TIGR00250,TIGR00337,TIGR00344,TIGR00362,TIGR00382,TIGR00392,TIGR00396,TIGR00398,TIGR00414,TIGR00416,TIGR00420,TIGR00431,TIGR00435,TIGR00436,TIGR00442,TIGR00445,TIGR00456,TIGR00459,TIGR00460,TIGR00468,TIGR00472,TIGR00487,TIGR00496,TIGR00539,TIGR00580,TIGR00593,TIGR00615,TIGR00631,TIGR00634,TIGR00635,TIGR00643,TIGR00663,TIGR00717,TIGR00755,TIGR00810,TIGR00922,TIGR00928,TIGR00959,TIGR00963,TIGR00964,TIGR00967,TIGR01009,TIGR01011,TIGR01017,TIGR01021,TIGR01029,TIGR01032,TIGR01039,TIGR01044,TIGR01059,TIGR01063,TIGR01066,TIGR01071,TIGR01079,TIGR01082,TIGR01087,TIGR01128,TIGR01146,TIGR01164,TIGR01169,TIGR01171,TIGR01302,TIGR01391,TIGR01393,TIGR01394,TIGR01510,TIGR01632,TIGR01951,TIGR01953,TIGR02012,TIGR02013,TIGR02027,TIGR02075,TIGR02191,TIGR02273,TIGR02350,TIGR02386,TIGR02397,TIGR02432,TIGR02729,TIGR03263,TIGR03594,TIGR03625,TIGR03632,TIGR03654,TIGR03723,TIGR03725,TIGR03953
SRR5195108.bin.57	4	3	0	113	TIGR00460,TIGR00593,TIGR01011,TIGR02397	TIGR00445,TIGR01087,TIGR01951		PF00380.20,PF00410.20,PF00466.21,PF01025.20,PF02576.18,PF03726.15,TIGR00006,TIGR00019,TIGR00020,TIGR00029,TIGR00043,TIGR00054,TIGR00059,TIGR00061,TIGR00064,TIGR00065,TIGR00082,TIGR00083,TIGR00084,TIGR00086,TIGR00088,TIGR00090,TIGR00092,TIGR00095,TIGR00115,TIGR00116,TIGR00138,TIGR00158,TIGR00166,TIGR00168,TIGR00186,TIGR00194,TIGR00250,TIGR00337,TIGR00344,TIGR00362,TIGR00382,TIGR00392,TIGR00396,TIGR00398,TIGR00414,TIGR00416,TIGR00420,TIGR00431,TIGR00435,TIGR00436,TIGR00442,TIGR00456,TIGR00459,TIGR00468,TIGR00472,TIGR00487,TIGR00496,TIGR00539,TIGR00580,TIGR00615,TIGR00631,TIGR00634,TIGR00635,TIGR00643,TIGR00663,TIGR00717,TIGR00755,TIGR00810,TIGR00922,TIGR00928,TIGR00959,TIGR00963,TIGR00964,TIGR00967,TIGR01009,TIGR01017,TIGR01021,TIGR01029,TIGR01032,TIGR01039,TIGR01044,TIGR01059,TIGR01063,TIGR01066,TIGR01071,TIGR01079,TIGR01082,TIGR01128,TIGR01146,TIGR01164,TIGR01169,TIGR01171,TIGR01302,TIGR01391,TIGR01393,TIGR01394,TIGR01510,TIGR01632,TIGR01953,TIGR02012,TIGR02013,TIGR02027,TIGR02075,TIGR02191,TIGR02273,TIGR02350,TIGR02386,TIGR02432,TIGR02729,TIGR03263,TIGR03594,TIGR03625,TIGR03632,TIGR03654,TIGR03723,TIGR03725,TIGR03953
SRR5195108.bin.58	87	2	0	31	PF00380.20,PF00410.20,PF00466.21,PF01025.20,TIGR00006,TIGR00019,TIGR00020,TIGR00029,TIGR00043,TIGR00054,TIGR00061,TIGR00064,TIGR00082,TIGR00083,TIGR00084,TIGR00086,TIGR00088,TIGR00090,TIGR00092,TIGR00095,TIGR00115,TIGR00116,TIGR00138,TIGR00168,TIGR00186,TIGR00194,TIGR00344,TIGR00362,TIGR00392,TIGR00396,TIGR00398,TIGR00414,TIGR00416,TIGR00420,TIGR00431,TIGR00435,TIGR00436,TIGR00442,TIGR00445,TIGR00456,TIGR00459,TIGR00460,TIGR00468,TIGR00472,TIGR00487,TIGR00496,TIGR00539,TIGR00580,TIGR00593,TIGR00615,TIGR00634,TIGR00635,TIGR00755,TIGR00963,TIGR01009,TIGR01011,TIGR01017,TIGR01021,TIGR01029,TIGR01039,TIGR01059,TIGR01063,TIGR01066,TIGR01071,TIGR01079,TIGR01087,TIGR01164,TIGR01302,TIGR01391,TIGR01393,TIGR01394,TIGR01510,TIGR01951,TIGR02012,TIGR02075,TIGR02191,TIGR02273,TIGR02386,TIGR02397,TIGR02432,TIGR02729,TIGR03263,TIGR03594,TIGR03625,TIGR03654,TIGR03723,TIGR03725	TIGR00382,TIGR00631		PF02576.18,PF03726.15,TIGR00059,TIGR00065,TIGR00158,TIGR00166,TIGR00250,TIGR00337,TIGR00643,TIGR00663,TIGR00717,TIGR00810,TIGR00922,TIGR00928,TIGR00959,TIGR00964,TIGR00967,TIGR01032,TIGR01044,TIGR01082,TIGR01128,TIGR01146,TIGR01169,TIGR01171,TIGR01632,TIGR01953,TIGR02013,TIGR02027,TIGR02350,TIGR03632,TIGR03953
SRR5195108.bin.59	14	1	0	105	PF00466.21,PF01025.20,TIGR00064,TIGR00194,TIGR00337,TIGR00344,TIGR00392,TIGR00398,TIGR00442,TIGR00468,TIGR00755,TIGR00928,TIGR00967,TIGR01302	PF00380.20		PF00410.20,PF02576.18,PF03726.15,TIGR00006,TIGR00019,TIGR00020,TIGR00029,TIGR00043,TIGR00054,TIGR00059,TIGR00061,TIGR00065,TIGR00082,TIGR00083,TIGR00084,TIGR00086,TIGR00088,TIGR00090,TIGR00092,TIGR00095,TIGR00115,TIGR00116,TIGR00138,TIGR00158,TIGR00166,TIGR00168,TIGR00186,TIGR00250,TIGR00362,TIGR00382,TIGR00396,TIGR00414,TIGR00416,TIGR00420,TIGR00431,TIGR00435,TIGR00436,TIGR00445,TIGR00456,TIGR00459,TIGR00460,TIGR00472,TIGR00487,TIGR00496,TIGR00539,TIGR00580,TIGR00593,TIGR00615,TIGR00631,TIGR00634,TIGR00635,TIGR00643,TIGR00663,TIGR00717,TIGR00810,TIGR00922,TIGR00959,TIGR00963,TIGR00964,TIGR01009,TIGR01011,TIGR01017,TIGR01021,TIGR01029,TIGR01032,TIGR01039,TIGR01044,TIGR01059,TIGR01063,TIGR01066,TIGR01071,TIGR01079,TIGR01082,TIGR01087,TIGR01128,TIGR01146,TIGR01164,TIGR01169,TIGR01171,TIGR01391,TIGR01393,TIGR01394,TIGR01510,TIGR01632,TIGR01951,TIGR01953,TIGR02012,TIGR02013,TIGR02027,TIGR02075,TIGR02191,TIGR02273,TIGR02350,TIGR02386,TIGR02397,TIGR02432,TIGR02729,TIGR03263,TIGR03594,TIGR03625,TIGR03632,TIGR03654,TIGR03723,TIGR03725,TIGR03953
SRR5195108.bin.6	64	5	0	51	PF00410.20,PF01025.20,TIGR00006,TIGR00019,TIGR00029,TIGR00043,TIGR00059,TIGR00065,TIGR00083,TIGR00084,TIGR00086,TIGR00088,TIGR00092,TIGR00095,TIGR00115,TIGR00116,TIGR00166,TIGR00194,TIGR00250,TIGR00344,TIGR00362,TIGR00398,TIGR00416,TIGR00420,TIGR00435,TIGR00436,TIGR00442,TIGR00445,TIGR00456,TIGR00459,TIGR00460,TIGR00539,TIGR00580,TIGR00615,TIGR00631,TIGR00635,TIGR00643,TIGR00663,TIGR00717,TIGR00755,TIGR00967,TIGR01011,TIGR01017,TIGR01059,TIGR01063,TIGR01066,TIGR01071,TIGR01079,TIGR01082,TIGR01087,TIGR01302,TIGR01391,TIGR01393,TIGR01394,TIGR01510,TIGR01951,TIGR02012,TIGR02191,TIGR02350,TIGR02397,TIGR02432,TIGR03654,TIGR03723,TIGR03725	PF00380.20,TIGR00158,TIGR00382,TIGR00928,TIGR01021		PF00466.21,PF02576.18,PF03726.15,TIGR00020,TIGR00054,TIGR00061,TIGR00064,TIGR00082,TIGR00090,TIGR00138,TIGR00168,TIGR00186,TIGR00337,TIGR00392,TIGR00396,TIGR00414,TIGR00431,TIGR00468,TIGR00472,TIGR00487,TIGR00496,TIGR00593,TIGR00634,TIGR00810,TIGR00922,TIGR00959,TIGR00963,TIGR00964,TIGR01009,TIGR01029,TIGR01032,TIGR01039,TIGR01044,TIGR01128,TIGR01146,TIGR01164,TIGR01169,TIGR01171,TIGR01632,TIGR01953,TIGR02013,TIGR02027,TIGR02075,TIGR02273,TIGR02386,TIGR02729,TIGR03263,TIGR03594,TIGR03625,TIGR03632,TIGR03953
SRR5195108.bin.60	5	0	0	115	TIGR00382,TIGR01128,TIGR01510,TIGR02012,TIGR02397			PF00380.20,PF00410.20,PF00466.21,PF01025.20,PF02576.18,PF03726.15,TIGR00006,TIGR00019,TIGR00020,TIGR00029,TIGR00043,TIGR00054,TIGR00059,TIGR00061,TIGR00064,TIGR00065,TIGR00082,TIGR00083,TIGR00084,TIGR00086,TIGR00088,TIGR00090,TIGR00092,TIGR00095,TIGR00115,TIGR00116,TIGR00138,TIGR00158,TIGR00166,TIGR00168,TIGR00186,TIGR00194,TIGR00250,TIGR00337,TIGR00344,TIGR00362,TIGR00392,TIGR00396,TIGR00398,TIGR00414,TIGR00416,TIGR00420,TIGR00431,TIGR00435,TIGR00436,TIGR00442,TIGR00445,TIGR00456,TIGR00459,TIGR00460,TIGR00468,TIGR00472,TIGR00487,TIGR00496,TIGR00539,TIGR00580,TIGR00593,TIGR00615,TIGR00631,TIGR00634,TIGR00635,TIGR00643,TIGR00663,TIGR00717,TIGR00755,TIGR00810,TIGR00922,TIGR00928,TIGR00959,TIGR00963,TIGR00964,TIGR00967,TIGR01009,TIGR01011,TIGR01017,TIGR01021,TIGR01029,TIGR01032,TIGR01039,TIGR01044,TIGR01059,TIGR01063,TIGR01066,TIGR01071,TIGR01079,TIGR01082,TIGR01087,TIGR01146,TIGR01164,TIGR01169,TIGR01171,TIGR01302,TIGR01391,TIGR01393,TIGR01394,TIGR01632,TIGR01951,TIGR01953,TIGR02013,TIGR02027,TIGR02075,TIGR02191,TIGR02273,TIGR02350,TIGR02386,TIGR02432,TIGR02729,TIGR03263,TIGR03594,TIGR03625,TIGR03632,TIGR03654,TIGR03723,TIGR03725,TIGR03953
SRR5195108.bin.61	59	0	0	61	PF00380.20,PF01025.20,PF02576.18,PF03726.15,TIGR00006,TIGR00019,TIGR00043,TIGR00054,TIGR00061,TIGR00082,TIGR00083,TIGR00084,TIGR00086,TIGR00088,TIGR00095,TIGR00138,TIGR00194,TIGR00337,TIGR00344,TIGR00382,TIGR00396,TIGR00398,TIGR00414,TIGR00416,TIGR00420,TIGR00435,TIGR00436,TIGR00456,TIGR00459,TIGR00460,TIGR00468,TIGR00487,TIGR00496,TIGR00539,TIGR00580,TIGR00593,TIGR00615,TIGR00631,TIGR00635,TIGR00643,TIGR00663,TIGR00959,TIGR01017,TIGR01066,TIGR01128,TIGR01146,TIGR01391,TIGR01394,TIGR01951,TIGR02027,TIGR02273,TIGR02350,TIGR02397,TIGR02432,TIGR02729,TIGR03263,TIGR03594,TIGR03632,TIGR03725			PF00410.20,PF00466.21,TIGR00020,TIGR00029,TIGR00059,TIGR00064,TIGR00065,TIGR00090,TIGR00092,TIGR00115,TIGR00116,TIGR00158,TIGR00166,TIGR00168,TIGR00186,TIGR00250,TIGR00362,TIGR00392,TIGR00431,TIGR00442,TIGR00445,TIGR00472,TIGR00634,TIGR00717,TIGR00755,TIGR00810,TIGR00922,TIGR00928,TIGR00963,TIGR00964,TIGR00967,TIGR01009,TIGR01011,TIGR01021,TIGR01029,TIGR01032,TIGR01039,TIGR01044,TIGR01059,TIGR01063,TIGR01071,TIGR01079,TIGR01082,TIGR01087,TIGR01164,TIGR01169,TIGR01171,TIGR01302,TIGR01393,TIGR01510,TIGR01632,TIGR01953,TIGR02012,TIGR02013,TIGR02075,TIGR02191,TIGR02386,TIGR03625,TIGR03654,TIGR03723,TIGR03953
SRR5195108.bin.7	10	0	0	110	TIGR00084,TIGR00088,TIGR00090,TIGR00092,TIGR00194,TIGR00414,TIGR00472,TIGR00635,TIGR02273,TIGR03725			PF00380.20,PF00410.20,PF00466.21,PF01025.20,PF02576.18,PF03726.15,TIGR00006,TIGR00019,TIGR00020,TIGR00029,TIGR00043,TIGR00054,TIGR00059,TIGR00061,TIGR00064,TIGR00065,TIGR00082,TIGR00083,TIGR00086,TIGR00095,TIGR00115,TIGR00116,TIGR00138,TIGR00158,TIGR00166,TIGR00168,TIGR00186,TIGR00250,TIGR00337,TIGR00344,TIGR00362,TIGR00382,TIGR00392,TIGR00396,TIGR00398,TIGR00416,TIGR00420,TIGR00431,TIGR00435,TIGR00436,TIGR00442,TIGR00445,TIGR00456,TIGR00459,TIGR00460,TIGR00468,TIGR00487,TIGR00496,TIGR00539,TIGR00580,TIGR00593,TIGR00615,TIGR00631,TIGR00634,TIGR00643,TIGR00663,TIGR00717,TIGR00755,TIGR00810,TIGR00922,TIGR00928,TIGR00959,TIGR00963,TIGR00964,TIGR00967,TIGR01009,TIGR01011,TIGR01017,TIGR01021,TIGR01029,TIGR01032,TIGR01039,TIGR01044,TIGR01059,TIGR01063,TIGR01066,TIGR01071,TIGR01079,TIGR01082,TIGR01087,TIGR01128,TIGR01146,TIGR01164,TIGR01169,TIGR01171,TIGR01302,TIGR01391,TIGR01393,TIGR01394,TIGR01510,TIGR01632,TIGR01951,TIGR01953,TIGR02012,TIGR02013,TIGR02027,TIGR02075,TIGR02191,TIGR02350,TIGR02386,TIGR02397,TIGR02432,TIGR02729,TIGR03263,TIGR03594,TIGR03625,TIGR03632,TIGR03654,TIGR03723,TIGR03953
SRR5195108.bin.8	34	7	0	79	PF01025.20,TIGR00059,TIGR00064,TIGR00088,TIGR00138,TIGR00158,TIGR00166,TIGR00168,TIGR00194,TIGR00337,TIGR00344,TIGR00414,TIGR00435,TIGR00442,TIGR00456,TIGR00487,TIGR00643,TIGR00922,TIGR00964,TIGR01017,TIGR01032,TIGR01039,TIGR01082,TIGR01146,TIGR01169,TIGR01302,TIGR01393,TIGR01394,TIGR01632,TIGR02027,TIGR02273,TIGR03263,TIGR03594,TIGR03632	PF00466.21,PF03726.15,TIGR00082,TIGR00083,TIGR00615,TIGR00967,TIGR03725		PF00380.20,PF00410.20,PF02576.18,TIGR00006,TIGR00019,TIGR00020,TIGR00029,TIGR00043,TIGR00054,TIGR00061,TIGR00065,TIGR00084,TIGR00086,TIGR00090,TIGR00092,TIGR00095,TIGR00115,TIGR00116,TIGR00186,TIGR00250,TIGR00362,TIGR00382,TIGR00392,TIGR00396,TIGR00398,TIGR00416,TIGR00420,TIGR00431,TIGR00436,TIGR00445,TIGR00459,TIGR00460,TIGR00468,TIGR00472,TIGR00496,TIGR00539,TIGR00580,TIGR00593,TIGR00631,TIGR00634,TIGR00635,TIGR00663,TIGR00717,TIGR00755,TIGR00810,TIGR00928,TIGR00959,TIGR00963,TIGR01009,TIGR01011,TIGR01021,TIGR01029,TIGR01044,TIGR01059,TIGR01063,TIGR01066,TIGR01071,TIGR01079,TIGR01087,TIGR01128,TIGR01164,TIGR01171,TIGR01391,TIGR01510,TIGR01951,TIGR01953,TIGR02012,TIGR02013,TIGR02075,TIGR02191,TIGR02350,TIGR02386,TIGR02397,TIGR02432,TIGR02729,TIGR03625,TIGR03654,TIGR03723,TIGR03953
SRR5195108.bin.9	0	0	0	120				PF00380.20,PF00410.20,PF00466.21,PF01025.20,PF02576.18,PF03726.15,TIGR00006,TIGR00019,TIGR00020,TIGR00029,TIGR00043,TIGR00054,TIGR00059,TIGR00061,TIGR00064,TIGR00065,TIGR00082,TIGR00083,TIGR00084,TIGR00086,TIGR00088,TIGR00090,TIGR00092,TIGR00095,TIGR00115,TIGR00116,TIGR00138,TIGR00158,TIGR00166,TIGR00168,TIGR00186,TIGR00194,TIGR00250,TIGR00337,TIGR00344,TIGR00362,TIGR00382,TIGR00392,TIGR00396,TIGR00398,TIGR00414,TIGR00416,TIGR00420,TIGR00431,TIGR00435,TIGR00436,TIGR00442,TIGR00445,TIGR00456,TIGR00459,TIGR00460,TIGR00468,TIGR00472,TIGR00487,TIGR00496,TIGR00539,TIGR00580,TIGR00593,TIGR00615,TIGR00631,TIGR00634,TIGR00635,TIGR00643,TIGR00663,TIGR00717,TIGR00755,TIGR00810,TIGR00922,TIGR00928,TIGR00959,TIGR00963,TIGR00964,TIGR00967,TIGR01009,TIGR01011,TIGR01017,TIGR01021,TIGR01029,TIGR01032,TIGR01039,TIGR01044,TIGR01059,TIGR01063,TIGR01066,TIGR01071,TIGR01079,TIGR01082,TIGR01087,TIGR01128,TIGR01146,TIGR01164,TIGR01169,TIGR01171,TIGR01302,TIGR01391,TIGR01393,TIGR01394,TIGR01510,TIGR01632,TIGR01951,TIGR01953,TIGR02012,TIGR02013,TIGR02027,TIGR02075,TIGR02191,TIGR02273,TIGR02350,TIGR02386,TIGR02397,TIGR02432,TIGR02729,TIGR03263,TIGR03594,TIGR03625,TIGR03632,TIGR03654,TIGR03723,TIGR03725,TIGR03953
